ID,Nombre,Longitud,Descripcion,Transcriptoma_ID
A02592,Ylgzumuiwyfc,246,faobsabsyovvglnobmzyizqfutxhovpinvzpn2,OV_282429
A02751,Ljyqkymbwgwr,557,jxcdhiclxzgqwjozhqyivmyjijoqqmeuhriwd2,XD_921096
A06168,Nzxyficcvefx,945,ozkbivbpyujhvgpxgoinazhpnmhgtycxsthib2,QN_934260
A06211,Oxnwyvotomqq,681,jrlkddqmcjmnekxqbrecloolcrnjkeyixinuz2,SG_825840
A10824,Bambjcqtehrk,655,rrkgvuntglwkasxovmtnezmutxoadydmilkmm2,JX_126487
A14128,Uzibfvfohkla,294,uknfrioffbcfgefvmjicrupknasuazytzzkoy2,BC_646676
A14624,Aokyznbjgvff,734,hicmhvxlshhugrfswktsxogmvniuwwgluxebs2,OJ_937799
A17522,Noyqckjwbroo,783,bxdkmxdroywliqtctlqapodngwivdkqaolvnb2,HQ_787462
A23440,Hrcaiykxvmfw,844,sdmkhngldpkyyvmqzqptctkbwgymjevxxmhce2,WZ_247069
A28598,Zlastvoudpba,471,ijpvjqhntaonumwyoqwavtdktukcimievlffe2,NT_102315
A37454,Uzjeavzkfmzk,174,gnsawhipqzarfkhqdszpmllwbpoxrezoaenfu2,WW_707316
A38222,Tiiyayribqpg,878,xxrushgptqjkikkvglmllouydejhrtzahtmfu2,KM_657835
A54133,Vewaktrvkhbb,717,tzqrnffxqkuvtabzcywucokirmjilnsekppqc2,OP_654580
A62769,Sphhxldwrevy,982,qckwvajktqauqbgvorpoklqbzszkboaxcgwho2,YE_221906
A63334,Tnrtmzemirte,632,mnaosmhqvkrmnyungathlzbirdagufsqjfolc2,IV_133053
A63348,Opkqbloawoep,621,fymtgvghituunfevyofhvecvqpxfuolkogakn2,CU_685569
A65021,Pfxkwuriwzdh,548,jileqwzpqmaqrltgwueyvclzfhdxvgyhqvahd2,GP_998669
A70142,Ladiylibnzjn,768,zziytnmtunzcjsodypjjltsjlqwpqjdxjhjrv2,UB_239604
A70651,Lfhaetbtuppf,154,txowfyvsiuowwczxtvgkyetsdtiexyvxxvhzw2,IR_641446
A70704,Sfsilmjxvhmo,509,gtezheqpukygjnjabvstquqcqgnppgjolypbe2,HY_995892
A84710,Ongqkjxdhjvs,16,ibppypoxligxbdjwlobllqgtddibyhyhykgxx2,RT_447663
A86196,Kqzhfvalburs,35,ehgwvqimzqjymeskcusuvubmxsrrpambejdsg2,MD_749015
A86556,Elpsvpvtfyao,657,jdoxmmaqlojdqunkyljdeamyeaaztwalfkgcp2,ST_739991
A87160,Prcyjhzaeaaw,364,cnnxzplqbctxfthpndhgvupaogsqpkxyuqwqt2,QQ_477375
A94820,Etmmmydifigu,387,gdkiwnshshqgpeclzbswncuprzmafwsxtjoau2,OP_630183
A97455,Siqhpjbdgtsj,572,ghmnnmpyyjynldygveevzvvygxntnohdpzymh2,YC_703073
A99861,Mffalozfiqrx,34,wzpqorzghiscqccmgunjimlvtyakrepgenwch2,CH_412659
B03562,Boywyfknakah,49,oqebxfumrjgzwzwsegnoaqaudpcsvwakqyapa2,UY_555314
B11877,Hssliaehmtlp,108,qolpphezebrkswvksnenwjbpkobjjnorqhdjv2,SZ_999985
B13654,Hylixpnnzigz,897,ctparzrylflhahxvdsqcddylvfinvrouupjhc2,NM_001615
B20133,Qntmxnwlhygp,288,zxkslvsphqwpzevrwdhvzeabxenjyxforjwjc2,GY_538956
B20980,Vlthxzbhhckh,2,bwfnqmxsscokznhdzrwihpuieuiqqtqgyhrxq2,JA_904857
B21291,Gcmysidgkego,537,nfjazdcbpbpneyucjspdgxkmqecjxdmcwfica2,OQ_044828
B27803,Kbtcglqmytzl,739,tacgqaqhgcfetqqdnmeemrgiwvrqxmvpeiptq2,EZ_311953
B28710,Cfmkkpsqnfzn,109,xmfylvhjuvbnwmhyroultnfwvoebvgxgnzare2,MC_327052
B29524,Juyoisozjqtt,613,mvrkonmppdrqnvhgrjjnpqqbqnlnxxavjxojo2,BI_125090
B31781,Svupqmhlhbip,85,jgodfvvuhtxbbohywvkwskvkzbxmdwmcxpoqo2,GF_728514
B41676,Hscwxfgjiyui,124,ilivuzpgsuprsvsijjegjgflewyvczkzhtxnq2,KO_576481
B43243,Abqsvniceajq,630,musmycbfztzkqaeqdqakuxvuhgzqbcfwyqazz2,DQ_005215
B46645,Sfcwjpjuknbp,389,kctqujsmwbhcgweilsfiuumclvqzycgommwmf2,AQ_995774
B51102,Odudzabbmocl,221,krbeztngpdoczygphfhcheybufkxfthfgjdun2,LP_654942
B55204,Swsiirhaattv,300,ujdxbclnzcmxypnabttoewtctlbhmqmiollnm2,WS_111262
B62150,Vmzfpvqredrw,999,ytbnrkkxrbfrcojcptdjraurrxxjjaxtbxfhm2,YC_930070
B62711,Hxtwmapdwuvf,922,fvrfiwerszdilzuhiqmmnaeffdiuqbcayzduf2,GK_052322
B63071,Axvactsqpawg,318,lokzyyjwhqnpwdetmqliheospbryxlcgkbith2,UR_229814
B66600,Zttrpjxhvxeq,637,jnekjorxrkzvknvtzkimqindyroirzufdqifk2,SN_337633
B66805,Ityiasgwxsxu,534,bwvywlxqidbydndwrerwpvsttomycynaaozje2,YG_105935
B67047,Imbwhvhlgusl,467,xewdqzmykbwhdzygybiuumcxgftwpfvuhwnik2,ZZ_111017
B70217,Untihekeosoh,59,kwhxdywmacxbqgofyerdgvjsrpaobwszpauxc2,VK_362253
B70863,Zxrxthiwypbp,442,gyiudwququefncmosxgfgvgkturqlpgkalnfc2,ND_068262
B79432,Bngpwfdojroe,407,tshlnqabgxbxnyphtijdurtnisvgauyhtodlz2,OB_043538
B80886,Jcyxvxpbshev,810,cpnkvhcuzlregeesbvhklxdnhmosgvumvqhwt2,ZX_373767
B87139,Tibevrsrejnu,448,nifhnnjlctkzjxtptxyqabubrsnqihpwywdyl2,RA_340754
B88969,Royjechqpvms,485,rulxsodxxpfrulvltqnbwhrqmubnjqnfsnfeg2,LA_425712
B92090,Dftcsqzgdqll,65,fnvchbpcilwalqjvdyvhwitoeqvgbqcoqjrrj2,RT_476828
B95349,Jbxyryubmtkj,294,tbcurbdwuzilebyrnfgeykttphcyvkaoqwbec2,IB_921720
B96004,Smggscpvqzvl,908,zyxdckkdbrugdalsyvzerpczztxdvfetqnjzo2,PT_654301
B96645,Eqxrdulxvxwj,762,ufcrcjglrovpsoyvlqmctovctspifdxlafazu2,MM_072353
C03537,Sscgafywiiow,730,yigfakrknwnqxdkpsfygegjgkffcribwswkzu2,ID_453549
C14731,Gmxbmiqahfoc,213,enrqsxhsyeotsupiimgbnryjgctkearqhrqaq2,ZH_018433
C18570,Sefscbrijcna,464,ygqapirwpgmjftvelbsgubxcdxxcphbdposzq2,VK_230486
C20378,Acaqapcjoyef,320,roywzomhywlqynkjeavzakmgeckxobsldvnzg2,GS_178750
C25024,Hhnnptjrkdgq,899,uxuxspzwzqygkkksatojozdaifclpildwderz2,UY_715613
C53039,Kvvmtgfuoxft,905,rpcijlwlcrcketuiynfloakqjpinjsuhrsmtg2,VK_178262
C54378,Hptdkvsyaglt,372,jizonimugxhotfmsspkwnloitnxsrkbzuziar2,NA_146860
C54909,Zalrdgsbaigi,278,gfxfndrrpgyfdvmlixnvbhdbwsmxwihbwxqic2,WD_901273
C58833,Onbfclxvnncl,377,afhfayvgpxhbknahuxlzfksdhixywtjqcspqy2,BM_591032
C59713,Jjkzeetjdkgr,944,rhfapqugmmeasyyjzapfbusmqaadxroddbjqa2,UP_056302
C60084,Cvllypfvdbeb,539,fwlycbdrjwkrneasaapkvrbnzdyqqvtlxbgfz2,AY_792635
C61447,Svppcvrdiydp,679,vebbswcbnugcdlqzlbjkijtkmtvvkwnkmluqi2,YK_037627
C67116,Rfkgmmqjydln,314,bkqcxutjkgrdaumgfmczsmldjtrxadqhbwkvm2,IE_429260
C73788,Ndhycfxwhpgi,891,xvoxghntrekegjoygdxjzfpxhctnnbxcxqysk2,UU_962847
C79525,Utklfcaqvqea,54,chqpvxzcushuuwgabeuhznxtxkejwjlfivbwf2,MR_566142
C80694,Huuqyrnqmsas,461,owexnycpasogfzpivyygjdaxrzqzzhhyagpdl2,RL_629811
C81558,Nlpehqppapkg,568,bpbaxtieyrmxtblmbiykbzylhrixfsggmrbfy2,XB_271227
C82630,Asziaziehgxg,383,symuekuscimtomnlnbmdmkvrymgkmfkgsjjtj2,UU_045653
C86375,Rfcboaxhwobt,448,jzusfyghhqiocemcpwjmbzlqpdshqcyfqvpeg2,VF_700972
C96500,Hplusicrghrl,558,ucfdhkybsxzfwrqfqbnccuycwrrpbyxrxgbny2,YV_258598
C96614,Nmwbpquioose,275,tixmkkpaencpxpxzlasghfhbejtpgnnisldge2,OV_048292
D02436,Cqtofsmhanuo,747,vihlvsldaurmnyhclxrikizvzcwqysqjplcak2,RP_963908
D08981,Ogcyagkefjfw,173,ykqwkciyurnpvdztsuslrcfejxpuoxbqpfbvn2,MO_290075
D09415,Upedbvbagyhk,458,pupvvxyzvuaegvgmqzkcofhgnvkdrlcidaapr2,KL_179391
D10686,Aslyyejhcjfe,357,zeyiidvexfgvbnsmscscymatruswrjmbjifpz2,MI_062327
D12699,Aulhnetokchp,854,oseqkziiqwsdjbbtxnxupfnwuywalunathqth2,UK_565550
D14863,Xqacqrdqlfcb,188,irufbmypkbjwpngiovwlugxahiswoqqresgcl2,QQ_601524
D21264,Cdjchmgykxob,932,ytptgrdextysszbtsbsaiaxcktmostordxjyo2,KI_505397
D21315,Lnueydicgpvg,197,nklhsgbokohgcknnzvvxcjycjjzwogzjssxcp2,EY_605508
D22952,Zalnonbrywcg,179,kziaikfekuswazwhupqcbcjwkvxazgphaicbh2,TY_657152
D36638,Qxernmezfqxt,317,wahvkirzyurnxkrqtyyxgwrcqpzsmythkqwwx2,DE_766623
D37362,Dhnnmdptfwpj,117,mobgemyruvvoremarhqqowgimfokyljpwkgrh2,FH_805170
D38606,Sprqgpvaqrqk,432,rjfxgmsrqhtyoizyiuegklejbyszlmyxzuqdg2,IQ_557271
D42713,Flvajpvnwufi,247,elshivtvecazkbctyniwrfnkuaagohmtqsftm2,IY_862784
D49028,Qeokvjydcxkf,925,ftfhoduimdytgmgxpznpntlwnieiwruklpmoc2,XF_272882
D49524,Lesmnxyvlmua,549,dbrzlqdhqnbgogoiuyahykqlneipgweiavafa2,LP_346101
D54365,Ndxcjikrkfcl,513,bsactbgukcjnwhclgkdcfvkevkbldxgtzeijy2,DF_163685
D64932,Xtqmlmjlzmbt,463,vgsjvhdfwmaebqhalzspnilxuexzajgmsczxs2,IF_309641
D66949,Bkhkhmxfwikg,544,euvhbxxetxtevsuzeehpxaiqgtgcilmbbedwk2,YS_507351
D67855,Ihonqqkmasic,884,iemzkyblwbzgbkiervwafudvasaeauxnwhzqh2,UP_966393
D75541,Usvplooyiuoq,805,zqyrwouswgvpivjhlqxfjzcusnlddialdgior2,YF_725433
D76954,Nisytockishq,923,yjfrvewwglthvxvvdxvdgowscmueuonpifduv2,PU_802240
D82347,Weomngluezqx,774,lnlqqiubhdatjnklawjclrukvstcrxxudqchr2,AC_422054
D87752,Vbmisqcdzfie,110,hyscpxvblbmhnnbfzncxkhyrideijklasnwmr2,IS_688736
D90519,Ypgrgakdcmqf,771,dbjavdcvvrhwcyygkxkrumjwfmpoejqkjxvum2,RI_550105
D92652,Mzyoyqgtdwxd,239,htmoyvzafkojeuuyezhnujhozddpisuckdxmr2,YV_542440
D97283,Gkgubpiveeya,214,pdsyknmkgfczreirahlqtebvkpqlueqmkkogx2,HC_431149
D97730,Qjctjepsbfqe,794,ewubtbkqlshtxnqfthznhfqjmqjwkdywcetfe2,SF_524112
E05086,Quxkbagvatpu,310,qcdhxibidyziubcpjyxwhmanccytooyvbktql2,MX_344039
E06536,Citiwwaogdvf,430,ayzkliuexpwnqjkfxqacbatrescszllfycama2,ME_088186
E06688,Jdubcjthvgwi,780,itkqkqhhnkkdvskwatkagaoxfognkjogilwbf2,KH_206547
E15234,Kwqspgktqdvn,255,mlcvgpmjvvagoibdsltijrjlijdkrgbuxqwpf2,ES_554427
E29210,Ehmzivzgsrlp,486,vukdhfdbiuqhwjvaidewyqtpkidtvkepzlsez2,CB_088233
E42141,Hlfuubwefcae,657,aeyfdufmgqzfydbjdncouibnjszjqcsxxhgju2,TT_153307
E50914,Ssfwsddtzflu,307,jgcghwjzzerloozphcmzczjajcuoufkshzbvx2,AH_992434
E50917,Yykalzhirmqp,83,yennomozilzviofetuntdjodxomvciaoilujn2,HX_437143
E51527,Omuepjxniyxq,295,jevgzeqginvownkyfwpomucflxpgihchbdqhv2,HJ_709383
E51880,Icbdioddbfat,393,rknqkevubkhqtnfgfbqcwrtgmdzdwxifinoyr2,KN_840939
E57720,Meaarmwynlux,831,kvuclclhbttafxapwzfigzyqlywhdcthrarok2,NU_999368
E58885,Nrumnilipngu,905,zwzujsxhsrhpccvjwzrpwscgjanwdlvlcfeze2,JK_237180
E61617,Ekjazzevkdno,452,vbrkwlfzgmihajkxugypyqpyyaiehdipmdpun2,OA_836891
E63050,Caoscebtmldf,925,etosxpbkxvrqfxcznqkcqxgrvggljfaxxwayi2,XB_293538
E65583,Csjsmoauuppf,935,vamtbwiuqznzibzklgfnosumzjrerpkxkcfib2,QD_142355
E66627,Ltxnscvojnsd,377,voaqvojmczaizjngujfukfqwxgibztfuwwnbz2,PB_352322
E69101,Chddqmwnpkta,979,akdlzekvkhjesjlggvaukglennjwfloentids2,RY_503121
E79939,Qtleclvdudhy,893,skhizyqsewfmxuhafwgyrcjeokonelwwfengp2,ZF_548795
E84929,Gsetroiervpe,358,ocmipygskaugqwigqpxwtnywmagwmqrjnciap2,EB_773737
E88766,Mmwiunlodcca,995,doxqbomxpgdkwljhdbvlvoaharlcwrmuczkka2,TL_288382
F06201,Cysulrfereaa,134,omjicktcsuzjytgyshjrhlgcjqprjgiiorviv2,IR_604818
F06745,Dlofdqxidtho,314,nzaibqhlcbfndxnhbkdvxpzaovvmmathmhosz2,AF_586507
F17955,Dzruosjjiltk,909,rkjfdehhdaqpkcdwidgvvvqlzstxvbqesojxv2,VD_506031
F18715,Rucrxklvfbrr,614,coantngqayrodrkrhdfthhfxechktlqkdsrip2,LZ_483177
F23831,Pxxkpyxzyvwu,209,agdsceodqgzwmcptkcgagzmdunjeagfbaqyko2,AT_021418
F24681,Gwawghnhjxsu,568,qvyvmcwuekshswhsrkzhcbgqtvbrorjsdtmtn2,GH_188121
F26670,Yqmpmxtgxviu,28,zzmxrexgppubzktdbbffflpwizluewveywyye2,FN_583012
F37701,Cphueqtjfqqh,933,naltrjxjzoekhtspwivsshcvyodryfktdsyes2,YL_055526
F39102,Waddvclwnjpl,618,ponlxuhnfdngelxmhrmmrgwndtclulupesawx2,RP_102556
F40509,Optrtbmggnyk,333,pbnywkthruoggrkbtanrqutcemsfpmwesetae2,ZC_402477
F46764,Ugpemkafckww,669,wwhsnzxgndopajhrbqsrysktraghcnpyzazxq2,GC_087804
F48021,Jvyukjnaznml,343,hiortdlycjklfdnbwgkxdfkjyhwzkbxnguqvz2,CZ_336686
F53021,Pyklkdhtqmtl,765,elghuaajaihbpevlpmblhyftwhmwgxildblkm2,YW_614687
F58062,Sydqqvybbxau,386,ftcbzchuasenskrbxaqiahdokvvjtpcklpsyh2,PV_218914
F67432,Tqtjiuzcwltf,30,cpprajgmkycowufiignxxgqfnlztpwoxylxrb2,IT_397986
F69571,Pdqaadapwwky,285,mdlkfucamyftgymtmvojydqgzykdfyqkxiwwv2,FN_594358
F70200,Fosifkssyybg,492,spivwgfojkntteroqkigygjihcqdmkohoukch2,US_766165
F73138,Xfzidfipkonl,470,xfxfyocnaxkjjrecebnouclgjojswdzqhjlzq2,TC_809815
F74683,Jisgnxllumem,518,fcsrshrivftvmvlivtciesenpdgfviuyqaqan2,IP_356634
F86281,Aearrysabcog,62,ygzxhksvcxhhuitdyxdsvaaubpvwydfmvvsla2,AM_735190
F89142,Utakevqlctyl,703,ydkyceokubncwivnczqmtfynrdzhqgurqfqwc2,PP_051952
F93045,Vuiockybnvnh,258,wfocuirtubtacorlcsaqdgwmymhiqfcerhzsn2,LC_611334
F95456,Vssfkzosnaem,937,nvjtydyapxhkzpqbysjpdxwguawqzabvsjqdu2,TP_609794
F95495,Ctvzumxiwoac,554,uxraryyodnzecyfbdsqkpqmjdguxbffbsjiyw2,PK_674831
G00034,Fagfmbszerir,884,hgprfivhejgwqaaethqdlwxcyfqzjdugsibyn2,QM_939508
G02239,Ttowbyftycss,206,btwmjcpqsoatchlzfoztimcmhgvxqahfnovil2,AG_987348
G09974,Swnvydkbokqi,803,vlqpkomffswtlegziknyvqjxdjjdaocsciwdd2,XF_938985
G10124,Ydsijbivkiqu,486,pruiqeuvbqndpearcitnzfrxgozqldmnifhlk2,BP_766319
G12605,Yoqnlqzmgbtf,732,djmogjkxajgarlexkzluvphltnsqmtlryvgsi2,PX_624278
G12725,Cnjqyfamrlah,794,tmpcvudcqfxqrpmbwdqlwfgbrcgfomrrdvkqx2,VF_279878
G23897,Thzwdwwasinn,371,zgqmnurdremetxptkhiaawwjxfkqwdzycnrdl2,ZL_650313
G25235,Peqscekfqugc,124,yyvkvzzefupwquosgourvfmyxawcmzjqaujxx2,LB_678245
G28506,Swwwapqodqgr,598,snpzfjjfvvszqumrjmjlfurlkhydmbdusyakw2,EB_394350
G32842,Apruostuiaca,944,vmyectwjoxqsexeppjazuqiztavtvybkotxax2,HI_968436
G36098,Nujdsabxbrhk,803,ayiqgswlbaiuwjquvkndhrahhzuajghnbxula2,BA_783963
G47799,Fcshcdgwkebe,727,iksaykwjjwewbyonbemwtzmuigbbqmdeqpaxk2,DW_663585
G49638,Nhvosdncfhjf,915,jyomqsnqpgudnvdlybrlukfwtnjvqzxmxqpqr2,CM_188584
G55410,Loeyzrmojxfd,18,jhjpekwjdtuhwmgibofalmrtuuuejfpomssyb2,IU_723273
G55534,Tjnceifzvnko,646,wztouyptgrshsgezypbmechqrzzxcbxfzdaju2,AB_887695
G56378,Aojdjksvoilj,606,dppndexkdgqlsjijdbfxqhdrcehoicpfkxbus2,BW_203966
G57176,Ninzmctruzvo,731,qwtvjrzfkmcwacbznkbjrfsdxmlvilbblhwxv2,EO_671822
G58683,Zfvdcjtsuymv,256,ldpnqoenqwflfvzcypsxtjbvmheiadbmhnqip2,ZT_117917
G59884,Tniwebpnqhef,104,ghbjbfbjqrtgsbodupcswksudkgcymcbnjfcv2,GL_643678
G61202,Iulmcopmixoa,945,baybhrysadtplkdvdqoqjxrppdejlomfesmzw2,NN_918350
G61599,Hmklxoevaamo,690,kzpoxhqjuvxzuapysmfnjjkyuurravvtjebpo2,ES_569116
G63260,Ttgootxjxomh,545,ftszwlykkqagbypkcqhnyngrtxbwzxoddrpwr2,SK_970621
G63980,Dkrmncbypepy,207,pwmlwiwoimtegncovjnnyyrqorrbsypenitmi2,DV_510314
G74284,Waizckcjrtwb,395,wgnqaqmgbwyjxlfzatwybjircifvzeukmnthc2,LM_899954
G77081,Aalgejhcnfim,495,pqkvataqywfqnqartsouwluwexfsygihbcpfo2,AX_114356
G78756,Hdccsvoytomb,289,olxvczwaocrdumsytylsstuaklqjgxghldtcs2,MI_723299
G85427,Ahigpvdguhvv,788,kamhvzunvuucqhhnhwfqdzarndwnhicbefhjs2,LF_489325
G88498,Fqktbghlwvsv,598,vnpcmfdpgglhwqtkajfxddveyabnyropvgdus2,HH_143355
G91018,Pzqgiipexgno,375,pbukaawdfjkzrpbkjilnwaejwbukumnksdnet2,MH_470854
G92124,Ppkzuikhvrnw,226,qdrfnsoajcrolwibvsmfihtvsjtxhsrykxrck2,PO_267339
G93787,Jasasssmbqht,853,wwrvdcfpawnzlcpywzlrgkyrpuwbsxxejlqjw2,CT_565261
G97665,Dptpsfbnifgb,15,ymghjeuxcvuwezlqtgghwrkazvxebbifmlbav2,RQ_717220
G99479,Ojamspigbppf,261,enqaaghrkptzyqnhmffoyplsqxyrvhqrcinkr2,RS_992179
H02080,Qzmeihxrzzib,548,bunmgenujkjwioiuvvacekfiuxkrkiucadhge2,BM_373033
H02205,Skkghllpjodu,942,kusdahxeycikujrxtthyqrvxkgerqyghmopus2,MF_054194
H03464,Dhoouqdsxnxw,269,rnvpkjmkvbptzigvnhrfjqukljjnvqfurkywu2,TD_472276
H04912,Gozoqzspdtyu,603,ypnkjpzpzvmzymjdjfzrudjwqohruydgjlrzf2,TX_304151
H05537,Ajqvlvppkhgd,30,dytnocpauclnwhjgttrgzbuxnmaneclqkvhcb2,OI_631997
H05688,Pneaosttihnz,984,wmkaxafnmxahybjjtniwwevbttkxkwllultpe2,LU_329903
H07114,Hatevnuilpln,210,azrftdkicadgsscfwlkwcooxdnkrqgsjlqnqv2,KT_608163
H08725,Gxjplfibqscj,539,wsmqwbvukuwqlodxagofmkbzluqhbahxqyros2,TF_265327
H10969,Bfdtlkrunfqc,336,izzemphorgsckiduxhuzqyihzhyrctunvxizo2,BG_543833
H11835,Urbytprbrzpd,793,xshesthzqbttpmhizoqypogirtvkyblewsovr2,HN_960461
H13337,Zxbpavkrhamb,232,quldnvtzsthxgrsbqzzlbqzikcnowvkfuiigh2,VF_775317
H15887,Feirbmokrhao,22,brebbgamcptzaktpoavkeucvpybapsjojnuel2,LI_887734
H21007,Hhfzztanlobc,579,iovyzysyxwijjncvrxhibuvemdiqtjtcoocsb2,NU_677317
H21671,Hcafdfwvwlto,452,aettbltljsqxcghhypksynonkdwbkmqromgxu2,DS_527076
H22456,Wcwbwxlyekwo,942,pehkuspenbnvtkvsqxvdgkfiyqvxjwfxglngv2,RQ_684945
H22908,Bkngbxixhuyo,165,vszbyyrflposdmsamsvhzfxeqtpnvzyyjnipc2,TR_798030
H23091,Flprgkhstcui,215,oqlksyzowkakwbxdhyuejuzdzegemigrpeaaw2,TG_619273
H23790,Mvyzkcafzxmm,307,fzaquktyehntvjkluzsnlncqdmdhqvqgboozj2,DK_200767
H28088,Zmgepppkzhfy,120,sygvaanznoivxmxazspbbrhnrqzrcaegtqada2,KJ_492623
H29081,Kxkqoodykene,817,allqwqhswvcfrqshdaitypjmgjjlaaestkggd2,DG_189217
H30106,Fcajbxjgldrm,887,zugbbowbgaxtxuicgbbmnmaelcsbtuywtfeil2,ZA_503859
H31916,Ojgofvuzdbwl,944,tqyeootckrqkppfrcyqozipsabaxxizyqepqx2,HZ_402999
H38674,Pohlztbmdjbw,338,xmjqaanvirkmgwnnvnixotlsvybjdgywvbbnh2,BN_211755
H41365,Hamqclcxvyxh,650,wtzzedcunmsbfizrndephbgfvntqtvhmlfcjp2,KB_192095
H46724,Jijxiocjtceh,563,vtwyijbkskdgsdhenjsnogtxaypwmlpkamgpo2,CA_269375
H58131,Xsfewlnzxrda,85,ttllwmcnbxvqzrmdlwcrwpqursahavcwdbnmw2,LQ_125145
H62635,Rqnmogibpggr,304,qzllsvujxfdwtitqeqiiwohynyjhnofqnictm2,TP_918260
H67233,Bshokoolqxch,238,lkzdglmzzwwmdxeucwymjszoxeqwoqehvehmt2,UQ_439019
H72241,Rgxraisfwmqg,496,stlskvnhhbyqhnbdnolzkywjvuwhwbbgrzcia2,VQ_950721
H77425,Synmqahvfnur,64,fivxetjqptgbzotlayxjlmlflcylwmxrrapcp2,TK_363419
H80312,Kjnqlunhuzrd,600,ejmjzsdhiewvssnbxiewffpuurouchfmxjjnc2,OW_184423
H84624,Rvepuzkvhomu,118,crwwjumlofqbeimathafrzamygamaeguiztoi2,IC_923677
H99472,Dexldkfmkifx,855,zcfiobuvpghmrjzomtlmjhwbsgstyjvlvasfb2,AZ_217808
I09295,Yqfzpzgfuvdm,283,tduqfzlecchsggiseevdxgnmwnqkhskidfsuo2,AT_855985
I09744,Diigukvxisgw,267,svaxqkixueyntncnjicszadaukshqnxdzjnmi2,LK_609995
I15523,Qdynovpuzhak,500,lrwrgrosjsquwataaxkmnrpwxyidngwnhlvut2,NM_004153
I20227,Dpfyemqypxof,713,bjpfttjxmkxhaekdrrziomapxowmanpsmjfmi2,NX_875822
I25664,Weuufrmritlo,846,itsiimjynzftnwoqoedayyxvdpgjkirsbscst2,EH_120413
I31852,Uzpsdhwljjzr,870,fdsoxkeqqxxogtaebnqesfuvwjurvfnlcaqzv2,PY_152141
I36007,Rduavmxogxln,459,kmxrdvuvcximcahnfevoccwikqgikvqgxneii2,QE_767497
I37882,Mrmchgjkkmlx,347,mivejrxmzthbwunkwmrhydhpaupbmezwhdvwx2,NO_768351
I44482,Sgnoashzggwl,898,lfelkxqbvvzjflpbdrqixrxfzvpsvppamxcnu2,BJ_027759
I48518,Hfrojzceoytg,931,pqwweyoefronjenhzqzfhhukzhkndrgsewlhg2,BM_691736
I48960,Wpznwqptgxwe,676,tgvbqhmdzobmccpevhohtogtoqzvfzakrgunu2,BC_082445
I49786,Xbzuwdtgqiyz,251,vhgdphmsgtdqsviwbmtsqfgswvbnukxwlrads2,JJ_118608
I50417,Ruglttoarxgy,321,hzdovxqtemaleecbfwxzocxzxfqudtsqifjen2,SR_520110
I52390,Aeytcvdrootq,115,mmxrqbexyjucadlqnvcxtxnmuzzdogpddwein2,KA_928942
I56878,Xpihuamgxera,374,ldtjksjjfqmvflgvxjgfvgynpvguegucqdrph2,WA_842770
I60293,Dbuhdoskfxtd,593,nvyboedmcbbtpwetjqspnspohhaozwskcmcxe2,NV_822866
I63447,Tqedphoylqfc,160,psqrozwgywsrseougbajunxifkpltfyrxmjrn2,GE_086915
I63923,Txhajnipxecd,68,smxmpfxxyxnypumdmtcyagoghsxjbarksixck2,GE_649794
I70470,Lslpjmdphhwd,621,trjdurcwpcgqmqnpecllptsfaleroaarddskq2,JU_234747
I71819,Sihltcnkowpl,774,xzcjmgqljrmcsgndqqxkkpeavipvwadkeofsl2,KJ_982294
I80534,Zdvckqevozbx,891,soyocbdiahtobhbjpgjgzjksgnlcrkulccujd2,XR_946649
I85582,Gavjazucqkas,385,cocheboiuujjyssreszogkzmfhzckrrwopdto2,EP_809093
I85731,Ubzgvapunemv,97,xmkubntskqafocrylvecgovrzentyjtttutut2,BP_637377
I87258,Wdgollxbqeuk,143,tsypcsyhitdrsgtiqnglxbueosellegbybhkh2,ZU_866662
I90583,Mlprawczasya,528,stzggbiiqsjhaientziplzqyneoupmukowryy2,HL_613081
I97403,Utmxvrdaucim,617,cgkulmwogwijzspxcjirhgzrdftlajzukvmym2,QI_142447
J06246,Hxtbvamkspui,247,nwemkpictbpcfzzqxucmufftpdlqkwkqduaza2,YV_347628
J12160,Ctdczsctiaiw,816,odtxnmsdvsaeiggwkjndbfmroujlsfgfdvqxe2,MW_041775
J19131,Qlreqowkfwbu,249,kctanzttbxeacwurqawwiubuyhwqzlefjzmbc2,DM_206847
J27198,Lbequdvekvtd,319,bwjcgadkpcfadgefslhcvlvupugzojbqcjurs2,TB_237049
J28715,Cktxuxtmorkx,530,pbpcuyrrrqdiatjqmydzjvvzncizzixjytkdu2,TX_442475
J30774,Hxlphmusnzkt,423,zmguqkfnwjaiuvscgpgushoahygqmtpeankto2,DM_520511
J32833,Lrhcmvnsgrgv,900,wfpfhkvtjurmutagzcsinchkuxmtslryybxcl2,CE_284323
J36851,Rxtcazxlmtzb,281,xzufqgxosrtpmrpyqfcodocargbegotrhgtvk2,SB_746161
J37637,Kgiazfvdvexc,888,ksiudgkoahupzdxfqxdufqpjpzujfofmcqvpp2,YN_008455
J43038,Pgqzruionfuz,443,kiwinwrvmsbydlrefhybpmvssbxvxxgiufiqa2,WO_275304
J45423,Aqugmjtcwfjn,200,yalzgaacorrdjwoicthwwsgwwsilzbknctbyi2,YJ_314506
J46336,Scvyruugjrjx,620,rncfyaeozecclxmcgqxefsqqfbicvgycnuztu2,UD_269257
J52055,Uusixtazaewo,890,jsglqpwfunhlqtxsvjjnzxmnvbtcesmnfsckc2,NK_268109
J58709,Smnliaxnpqks,182,onpragdmdwamrglxxlcyscjrebhkdbptqynlz2,UK_417491
J71266,Xunyuucnemea,207,mzgkpwkumvsomhrfujagunqsykmljaebnntnb2,VS_991000
J74682,Iigwkbyeazre,573,inbhacztfmvkfuifuifjcbyuesmogiofpqfsa2,EJ_806339
J76067,Njubmcjseixe,146,rtsfmuyzsjrwoivvoykgdoyovwoitgtxmgtbn2,JX_962142
J77819,Pcqcbvewvhku,252,uucyuccbdsqnaypnivkyqrexkkayrzdharzzs2,LR_486980
J86458,Otruqlvtjcbr,3,wnzzdvtsfzbswznaglagqbzrgxmwayfkgvwmc2,DP_109461
J89589,Twedhhnjfenh,697,bplcnkihxgjtgbetpfdeooqbsokkzxskebhwe2,US_147027
J89741,Ytzfffzmjkbv,148,oqocognvgwbbjsahsmbgurljficuurvttbpyp2,ME_949419
J94690,Wdlotxkyeshd,11,mrfvtqrjfzifkykojvrxemoyklmjxswplickf2,WU_360622
J96476,Roxyvjsxrulv,174,cykqpcntrpdyoqrlshguanqvpwuwueorahweq2,VJ_869946
J98252,Sywdphmxuldr,689,rjjunimlmiojvpvhgrvlfrqutfunpgdidkhvk2,MI_039143
J99644,Xegqdzjhxxbn,323,iuqluuxtpoimbgkmxqsaesmifaiedsukfpvwe2,QA_410768
K06536,Vzamqqbmfzrx,75,fukvflzqeiuhyojrejmpreshneiabomqboayd2,RH_939540
K07898,Rogcujltebfp,523,hrmzgovvjpnsjbrspcaheqeghcukcigzllyzl2,QY_506880
K08639,Yaseorljxgtn,2,cagsmjqydbycntmkcloycfxgamoatqhsnzdwk2,QO_091104
K10555,Vmqjbnnzhvyz,482,wpwevlavcswpjiuooumzapvyxmyrpsgrfqnlp2,OB_845865
K11432,Hctqaspodkvu,161,djlwhbeoahrsqdaoilyiptbsruddffawbdjuu2,PA_634945
K14260,Pqrwrktgsblk,588,rbmruxpmcomakwdqmfhhblkvtahcyjmnmykkw2,AZ_755522
K15965,Pxdpoqsmfsvo,796,masydjtefvcxlitaxzsqlbwiyyorjxhoaaltr2,MM_734522
K25047,Vlalgnvhxtsg,948,dodbuvnlggfeuhzjlpfisplyiasesiabbkjwy2,ZR_777239
K27567,Fooitapxwutq,344,gnaboowvntjcwlckzmizgylmxamdseqlhgecq2,IZ_866428
K27622,Qrnvcelkbjey,41,cesoopyojkejnmjvpppmllfpnxothhhwdabyf2,FF_077943
K32274,Xhtzbrepyhgr,810,pumgtbxlkghtrhnspivdhhktuvcipptgsqvpv2,LB_894755
K34560,Qupgkdlnzoid,281,iecuakrfumuqtubbnkupwwlxozfnhlprglugi2,ABAT-V1
K42793,Vpmrroxbepyw,537,aexugrgwmpwwechbikiodiqcaznqjbgiynbns2,HX_644424
K43001,Azkwaxhosiee,424,gcslirfuxjhibonpsfuxbgbcbfgsaguwagscl2,FV_529747
K43210,Zqtqnpipwwqo,600,qstxzcljplgodunrjblgmpzltjoxpaeniktzf2,OZ_002947
K46798,Upsmzimyowiz,717,zcsumysqrldtutyxfghroopvovbyapsomgujj2,SW_285320
K48063,Hszfepupascn,457,qyvzhxnlbrylqffrwsvhbylzftxmnlzyjrenz2,MO_436730
K62678,Zjxucgsrchyy,127,ewxihhzaxxaefchcnvqndfyioefpzxcgzgqer2,KF_970764
K70277,Voxnmteabahr,268,sienlrnevmjuiwibstyvtqilgqxmobsyzdwjo2,JN_859924
K73406,Wdrazybfqqou,127,docosqqdnptewneblwdwdmrcrjiehcirlhwfe2,HV_587004
K78218,Fqbdzdytspmi,217,vkwsdghzezadlivntwaeoceruefsernbxemrg2,SV_866702
K80704,Bfutiumgudqo,195,lpixxaxahwtawnhlcsqjliiyjqcsoyfrlulch2,SA_856295
K82254,Ldmbksscsgbt,947,diebgmipndkwxleyjdjhzmjsghctchhaivvtl2,EC_367130
K82587,Mzojezalwhfh,598,sisdfoxkvoictimxiasjziblcyclxwghydmda2,OA_858189
K84198,Sfltyptwdktz,51,ifsunwusqnlcnsrfduitbuncdawmkppwrsrvc2,PW_652842
K91626,Wnpqwswiqvzt,566,ajvqtyabdzlidgmyfyhhkqjnzgstcyuijiivd2,TJ_831004
K91938,Pqsgbnrclccm,14,hnfcznmjmusucmregqosfrnhlsvrdoeiltbvv2,GH_272875
K93146,Lviqdclbollf,887,deihqzddnkhiiausptkdzciefekxjzntzhakw2,MT_784182
K96004,Sfcfnxzkmcdv,679,txccgkaswvaifrvzwsffrytnhrpchdwxheoho2,UD_918914
K96296,Ywgutovhsuwq,234,ezchrsbqzqfmobznapenpuacmwbvziubgnojx2,JS_659304
K99486,Mtxbglgdqfpp,918,ykoobelecaqedcpkkulbaqnnhxkfozlicjiho2,UW_051449
L02972,Pzywwuvenjxq,502,eqsdwxducsfxylzlfbhczmgrokninntwtjqjs2,YO_319059
L06487,Aqqkwfhizrhq,471,saahmvkezelcvsyndpqqogtpghzqkcxdbfhyy2,BN_757068
L07820,Rdjbizgqzwtm,637,vlanzvkebfaxvsmhyelinwxgorzvoqpqkqepm2,XM_909913
L10693,Nlceojtutpis,131,eauicwhdjmjashiepggpqjpiaauawccjcbbgv2,EV_721697
L15131,Thanayqilsth,576,rsaxulqfrssghzgkchayyeyuryeifrjiraego2,PT_262560
L17283,Baonixbjdeln,394,cwdsrqtzjzrkcswupscrjhivcmxcbxwqayipa2,CF_910875
L22146,Rxrnrcqntjac,145,vghqdoaxqovrafgypohrfrkvfseegkamuxcoj2,MK_920381
L22314,Afdqpygxcyec,785,wibffxaausjskssxquauysyricqpagdboxfje2,PW_245113
L25366,Jawebpgohugw,983,devbzdzvmnpzmrmwktygumniyugrinsxkhytx2,BM_733178
L25565,Xctdedorgqun,654,qpesdeymtapzumgppdwibxjexunhmhfaxrpbr2,UE_209907
L35209,Yqyayujdfaeg,331,cfpzyrdritldbansmcxprzmdaacffxghamiuz2,LS_124037
L35707,Qznphzlrdfpf,400,leqekbxegeviogdwaxgygiygizsetbbvmrzsm2,SA_095591
L40971,Tellslldcvfd,804,pnthbtfntlukcavussjkgxngssfbrxfvgmzpd2,TM_847352
L42219,Hzffjqabitlk,51,uqambgwgmlxjwehogyxdgegtfvutjnxysdinj2,RR_488337
L48407,Mmhmmotcitam,119,ygeqyujlkkmtpriqtteuzvhtxcapfrpgoeqck2,PZ_043646
L48425,Hebrwdoucwfe,915,cqzmgaixounvwlgpjxjeiqznzptcmctfpukcq2,ZP_864503
L50656,Twywpvgxmoym,406,vbplgiipfrboozknbfslozsuswdscusxjmyur2,WV_532100
L67347,Adaxveddkcto,836,xxmrvtxcrdqfztuxibltheygwoddytxgmlnqc2,SQ_321589
L70191,Awuybfnkymyi,99,mfcarsbfteoniotphkoqzkyqgjxfxekazieqz2,UR_906641
L80276,Mmzxpyvohnlj,510,gtzricflfxeaqzacrxmpmmdwvtmmwqgajhknn2,GV_200716
L87856,Ulouclvfvgiq,149,asabfvgdbdqlkzhqqfbjdfyvlwpvdqveiriem2,WP_597258
L92306,Mtgqxphzwgqi,598,uznrxtuwwutgacjuyonhiyjvrrhnolebswrmf2,ND_220023
M03020,Vdupwfvluddv,33,wjqfruosaphntskjnsfezbxewavzwvwuyymfs2,AV_081053
M12132,Gtnmmkkuqahx,821,zdxpanjoqrwtkqeksgapnebhnkalaboecioyz2,IK_970402
M16799,Zlxledjcpzxd,2,aisjtfldwlkkyimjtvjnqlmfzpcnexfgvyvnk2,AE_638828
M26199,Dbgtffrtlryt,248,pxhuuvmytqyokodjbaszvfmllklczwlpjnqqs2,KB_359022
M27918,Xqanwcejibrj,579,qxhsrxlfzfzocumaofnhqtgaqahzkxpnaqswq2,RW_489431
M29934,Efzvuvrnprow,465,zpjlrcpxzzpynjntvuxisdmdgnaccxyisgdzx2,WE_656142
M31978,Cvqibbnlulrv,96,xwgvybppgzyysspexvwzdnbhtvynjugxfoerf2,SB_708354
M33722,Rgiutyyukxjo,923,citzgbhqpbncslrmomwnrhcinpawbzmuodyfm2,MC_093564
M34072,Qfusowtnmksk,510,yjwcfbxtlmtrvxepgjjipdsrfypqumqacipmb2,UI_116824
M34421,Zyjnikfbcdmt,723,mseuznvgzrlxzdequxulykobjyczgajistpng2,BW_923028
M40953,Feczfonbldwt,625,cupxjqleruajnmvevwrpqfogenbcylerbmgfa2,CC_032227
M43010,Hjblzsffxqjs,652,kvsgpbnubbuzphnfsykuqnwedplhihlhzvhgq2,QT_960845
M47193,Amrjzsxrcvym,157,hpxstaqfaohnlgwtfulcybacgpfgtbjvrvhjq2,CA_243114
M51712,Ryjishvoeapd,106,mbxzytrbdwlutqrrdllqyhrvsqhktghljajgo2,HJ_853466
M58938,Knyteovbnnnn,161,svekngsqimcfzmtclqkerhxuwijyxowxjxtbx2,QN_271342
M61788,Aunisemujqth,58,zacvgklviykecwhztccjnhywttnkeppxqvxrw2,MB_195860
M63362,Oanrdlkdwimd,358,jiziyddvbsctumrkstjnuqslpxbngqzraxurh2,WN_097252
M66835,Itxdwovmwhty,522,anxnvoowtteupnqzbotzhoqpbiddjeotsgzfd2,OF_266914
M71290,Lwzxegxvmasl,363,cdrscksmmteamcczwptvnaorlwzztekpusxbr2,TI_882375
M79146,Siqgbuzarftu,912,mbouaobsjnauruojcigpmrxozhgqxlaazxtop2,TN_420585
M84044,Qomnztznyrpa,406,vssichbztppbtxztbtqmidgvskwveugqsvioq2,NM_000052
M89228,Hgrsigxxjpti,622,zwscjybeptqdsraezewozgexfsrhwkhreqzrw2,GE_246017
M89318,Hhjpvjfeulaf,656,ixqxhnuqcgipnfajxeqcvygbcstscvvubxaxz2,QP_188283
M90762,Pcwfsobrtesn,594,fybnsdpjsyhizqfhygrtxmapoapnjjlyvedsk2,IB_674424
M94420,Vogptwoufqut,759,wlcwhokrfwxxhrmfgwbcbwwslcanwmiimctia2,ND_865413
M94650,Imlzgpacawhy,557,kjcsugdxdsbvtpgttjlnppkrugbcxxwrksbmn2,LA_464567
N07564,Xwmefgodpfki,343,pkmskghslszovybchzhowyfmapauoxksadjqd2,DC_871795
N09808,Yspuhvsgpdzj,536,kdbizcwutjfevcafrqxpppochjtwbeplyxvpr2,ZF_140508
N12250,Opcagwywsirj,892,yvvhxbwzwiunfvtrrmiqtcniujucuxaeushvn2,BQ_631092
N12640,Tcaqfjlyutzm,453,snagrxkbxxvrhnqtesyolcpzfouisnpcixbqh2,VN_618083
N29039,Nzzlymxrnozy,328,cbxhcubrmgsuzndubqdfcgjignownyazmwgnt2,UY_648995
N33970,Sqzqsraaaeou,832,gwwolyoieolbpcidbgvavuvwurhcjxuudfsug2,ZI_942873
N35428,Msoxvlhgtwnu,476,nyaovqqphvdpugwkthlgjwoikujihvkoxchwd2,MT_465613
N45990,Dfbsyonulmea,983,ciihxrqkvarxewqwpxnjwwoibenmqcogxwvpn2,BL_664473
N46438,Jxaamjjgbbxm,491,giikbihxykufowqowskmexthfajpukmejfnnd2,SW_964169
N48653,Tejtiatmonyh,593,ytivrnwqaamucmgvksfxtfmfzhpwgjsgncwqc2,VO_655216
N51633,Ficgsyhsrneo,914,gvvoyrljjbtsrdjkxjhkjlrwcwkzynppmeorc2,SN_840532
N51666,Beupsfkcdoym,373,trspbgkgatcltyixmxvmenufqgmoatvyaisoe2,VN_768765
N57801,Lrgvyjumwdxh,93,vakgskbxlvsmhuupprsitrqlmfwikowojuymf2,DU_253730
N63855,Iqkhrlnmvcni,700,yguqulingvrigquylvdinehsljhysbsfqiefj2,FX_075238
N65910,Mxdqaitccexv,311,pectqctjsqyhrqpzwsiakotmqadvvtwjlsyoj2,AN_884507
N67858,Vwzoqbzivdgk,493,djbkoavugrzhixsfalsnyxylfnxbatdcjbpav2,EK_725086
N69338,Mtelelubqgie,958,nmezdprkudyeyqqvemjuouorbefqwwrdjhtjz2,XU_858067
N79548,Pospggbiakmn,473,ujlhqxpfiyuairiegedaumdddoopadmeianow2,PT_302760
N80940,Icgoukyjwsyi,814,dudlmacursmclegqwarlssrthhotdxgznyvgg2,KK_788112
N81282,Sqljwnbbyzuf,496,vsqfasldbkjbnsnmneubefoxcidfhskaxvzbz2,PU_710453
N97695,Fdxakrwbuxuk,689,zwrrruabkpqykfiluhouqiithuzziwjqhdlng2,JR_097992
N97939,Ujjdjeqnekyn,896,nezgqsisuddbxwwynnqxypzwsxinynemckzsy2,EY_688826
O04144,Ehucmxswkphc,153,vhevynpjgutmpscrzvxjwydzsrjlwttjnrnda2,PE_558462
O05625,Odzcsxanvhpa,449,bdpumclvcnxkzfvqmtyniyzzajymrorqfaxno2,MQ_150803
O14214,Umeivyskdhha,224,fuhuatyapgbmezlbrbihvclfcpkszoiqbqksx2,PF_398530
O18847,Hycqnvlvydkq,163,joujujrxumucjbablqcpuhaewhhvjirmtxkcs2,BI_983065
O41004,Wrzdmfnviyvf,566,dxrixsaedwrsvszfclzbcljoxhrbxwievpidg2,QH_442023
O43499,Xtzjkdsudygq,546,huozxohlispdxzgyeuoqgvxplbsbbhopwxxjs2,VH_320084
O46801,Setujarymfns,705,evhsrvxhmvwvqpcggbainlvgynpkxgilbbbmb2,EK_049697
O47015,Gsoqlgmqiguq,921,fvoyhkwohsemnhzmjjgwsjadlsmznyeydbxpo2,KD_044829
O51819,Lylxekzpxtmf,29,atxygyexfxjzszalgvnzpcvniriostemrcywi2,PI_897245
O52019,Vvepjvtceoxo,452,wxcfpuoozumlpzvxtdrgumcmvcjwnqwityqjq2,RD_988283
O58467,Cqupjbmokrov,874,iqmqvehuntjlfwfdmcfvahpxupzzfdxlcqhdo2,TJ_342265
O60287,Gpmrthpsafvy,270,qadqdpesrttuttojpbzyngrnilaotxfbbphrg2,IR_537811
O61643,Tcupsnodlrxi,947,tdriwsywcnylwzocmtyvjcdvijhjhjbjbdgns2,HR_948500
O68324,Mibyzzhummuy,3,bedwmegknwigwvuyooiyxzhudppwtnuidqdup2,SS_065779
O69526,Advmvzwxtnqu,115,pvzqxfbkvenesgnqzkjxofleqadtcczawxeea2,OD_604599
O72961,Ulplcuangzbr,453,msjqtpnaawqclspfvvfzkflqqavrnmiszelnq2,YQ_150000
O81611,Pcvpgoyqlhxx,954,phdprxcgroiymuriuhrmqcbadeyatdxgfrnyr2,MJ_697324
O81827,Awedqdszifjx,504,lupozhnzmbelzeqsocescqxeezujggcacsmlc2,HN_740504
O82367,Amfuhvdkswqa,468,nbadnesptgazgkxaoycgfuhajhzeafrmhouvj2,DQ_545505
O86185,Tarexfewadum,333,lpkmivwidmxmlouilnymmcvcygalmvwapitoo2,NH_106264
O87815,Ivhjespghspy,487,uuqtjbbkldprhxufhnwqgkkywhdeonirjkpdk2,WY_529739
O88411,Dwtoyztjhkbb,283,zehltwnfeeralgqxgwqzkbdtdidxmlazhcxly2,FD_663605
O95164,Oddsezbspznf,195,hejnaobccdvaidqnrmieqtdkgzdiotrkmpczv2,FC_626630
O95942,Qgeajtrcnibm,881,pnjaupekxpdsseegcxvyyytacxyylgivnagir2,IY_203795
P00008,Iqkcmfagfndl,666,cpvywidqcontmjlpmrmkrgrnhkdrllwxiztev2,RL_975998
P00694,Nurzcahhknrh,854,jbfzjaevnnpbeejreeiavxorwrqftiddphyip2,UW_018710
P08001,Blncbevlpeqc,522,qhcsxhjrmcuppxclaxsmbgebryaqczuqwkrtm2,PJ_342853
P19034,Dqlhkjurydtb,467,ohoregcefssvjseffmzeahclolmmaogsklpsy2,PZ_791210
P22059,"Oxysterol-binding protein 1",807,"Lipid transporter involved in lipid countertransport between the Golgi complex and membranes of the endoplasmic reticulum: specifically exchanges sterol with phosphatidylinositol 4-phosphate (PI4P), delivering sterol to the Golgi in exchange for PI4P, which is degraded by the SAC1/SACM1L phosphatase in the endoplasmic reticulum",NM_002556
P25226,Ecksygwhdshr,558,fozhsugpvacctxngovkwyvkhmxdqutyqbpfiu2,XU_335838
P30995,Zfbxwnkzoxxy,193,tnmobmgragwvejdoccvufdiqqgbbafunecqhm2,AU_456371
P33178,Juoiecdebxck,565,dpjirqmdpcyaundxackarvhaicxmbwqalnkdo2,PI_593156
P36768,Suqrwffjbxpr,830,kgbrsgknzvevvtchxjdmjdomhgialzfqbewvg2,LG_564005
P39737,Qrusjuuotwbv,518,mssrazbxnwlimwsumbkemgovnjgdlqfnxuggq2,KU_685891
P45070,Zxsumdjtgqjm,410,arnqhfvgektxhouunkivqakvyfyimyxmeshuc2,WL_618888
P48565,Yurqitzepdmy,943,okqfzautmbckhxfdassyhupajehrsdflwfcgd2,QJ_649822
P51645,Fivwsiqyrgdi,244,ukgnbtitnafppazfbdhixzrznwmgxxaspjzfy2,EZ_524821
P52565,"Rho GDP-dissociation inhibitor 1",204,"Controls Rho proteins homeostasis. Regulates the GDP/GTP exchange reaction of the Rho proteins by inhibiting the dissociation of GDP from them, and the subsequent binding of GTP to them. Retains Rho proteins such as CDC42, RAC1 and RHOA in an inactive cytosolic pool, regulating their stability and protecting them from degradation. Actively involved in the recycling and distribution of activated Rho GTPases in the cell.",NM_004309
P61464,Oaijzvseutfx,767,ygbjagcbztxgrekjdiynbecspcpymuuvrwthd2,WH_342783
P63267,"Actin, gamma-enteric smooth muscle",376,"Actins are highly conserved proteins that are involved in various types of cell motility and are ubiquitously expressed in all eukaryotic cells.",NM_001615
P74110,Luazxbdrqwfz,70,kugnlvsidxhgbehcurnbjtwvgmiphobflmcwg2,RG_663750
P80404,"4-aminobutyrate aminotransferase, mitochondrial",500,"Catalyzes the conversion of gamma-aminobutyrate and L-beta-aminoisobutyrate to succinate semialdehyde and methylmalonate semialdehyde, respectively. Can also convert delta-aminovalerate and beta-alanine.",ABAT-V1
P80499,Ixbiltbheoww,345,rrmcnkbefhaieqcrrqghqmxadgrtiqyiujlms2,MJ_743080
P86355,Yflafezwnvpc,68,vfmvlxzziveikbpquunsgooamnruzpjortfxp2,MZ_340732
P91130,Edbjozryshfs,292,irtcimifsodpwdfcdilmrlpdnizjoetkrakiv2,HC_103561
P97611,Aohzuolhqvdz,682,wjgeykbjrtmixltihwuarbiattvmijencwjkh2,MX_389762
P98942,Asoubniwwnab,875,jftmgbvjweqggrsxdfmnfkxcrfmybpmtwjrby2,IN_371948
P99623,Ckuhsvctdgtb,806,xqcijnjaldikvcwpgebpvrtndrmczlmrcvyma2,UK_643846
Q02851,Utqskmvqaypz,5,kxryllokazjmldzijvmmqranttvqtmpmcvqgu2,DO_611473
Q04340,Quhelqxwlcrn,339,vpgfjbkntvqrmitheyqtaqesibgbheowvdppp2,WB_274749
Q04656,"Copper-transporting ATPase 1",1500,"ATP-driven copper (Cu+) ion pump that plays an important role in intracellular copper ion homeostasis",NM_000052
Q07016,Qcytjfidqvzl,116,lrklthwuswaxxntjrixjgahktvzqnacpnsciu2,PD_564096
Q07570,Xxzernrdviwc,2,dcenhcwczrekvcjniwzqrtkkaglbyfjdyrahj2,WT_568111
Q10680,Xednnkgupzai,499,tnobulizjvtkbxwnyhcitfhndlnkcmdboeaij2,JS_636031
Q11546,Wulmkrvhscsy,722,kqtdimmlwthhpenoajntuarxqpjfqvrnacrcd2,GF_618213
Q13415,"Origin recognition complex subunit 1",861,"Component of the origin recognition complex (ORC) that binds origins of replication. DNA-binding is ATP-dependent. The DNA sequences that define origins of replication have not been identified yet. ORC is required to assemble the pre-replication complex necessary to initiate DNA replication.",NM_004153
Q20381,Bowtlmwjdvdp,36,kayiixuiqwgjbkumbacyalboscdwqimjqlfvk2,BP_531444
Q26377,Fochdmfcdyft,59,dkhsanpgouamlaqvsiccdegemqeaffqmjluhl2,NM_004309
Q29730,Imhqgwwuoznh,861,xxhdgdfgndptevdlnmotfsqmytahjvxuxzkky2,LF_867345
Q30386,Khtexijqnief,996,mepcvtbbxwsqvbsqnngjamzriafkoqfbpxubs2,RT_146244
Q33130,Lpqtihxewqed,792,nlgjbdqehwshsrduburlvbxdsduqkkeknrlso2,CZ_935759
Q36529,Lmbvnrxsoqji,391,iceogoknelfaszddjgcssgfsvzfbtaolddvwt2,FF_457762
Q39651,Ltafeogdnjcj,910,visujqsvmjyglnomisjptntmioktfoiadczam2,UI_540178
Q46507,Bpgwelilsmzs,492,jpnjcodjkzaebzodqmampbqumikwnqkrzarwu2,QV_775252
Q59490,Xozgzjevkicz,97,qhdinaygmutupeoevqifenxxfgadiqxviyzef2,RB_560467
Q59992,Cuuzfbkiyvmg,687,mtpzbzqtoupajitrlltpfbxgxwawbnpbmddlq2,YB_020242
Q66981,Iginoqridiux,723,ypybzzseqdljfpzlqzedxqdglsmqalkckhnrs2,JN_444688
Q66984,Sdrkciwyvwfj,106,jtwmmasgspmlysfdgavkivoyedihihtywkzjv2,BD_372747
Q69695,Pzuebeluwabd,90,oqmppkohddnrykitrvpgnjkwzqlmjmxttuyrl2,KK_920806
Q82695,Terdvbxghtwe,701,adqdqwtcyghfcablvolvuiieoqziledujujza2,CN_057118
Q89378,Hhuzurtkdkub,654,jtesxwbucoeyrtyyqxrhlxfkewzhuenktwuvn2,KP_597499
Q96357,Rgpsenniamks,339,ypnutleprbsqjyopkwkbjqlivevopipfoclli2,DN_264242
Q97965,Xpcknyvmggao,464,xqvfhxedmrabwitkauqgahnhegkxpfzqeehut2,OM_432975
R05587,Ifdccwqgamjt,831,aqzuqnxgpnavoomcutukbyrcrlqdgdrpqfxtu2,KC_189266
R09588,Bpygyjniqlrq,353,ownifscdlqwqwpjnjhbkzwroqkooapkehzqlq2,VE_319496
R11040,Njgyfcgkofpg,848,nhlvnkhmbtvxptsdcikphwjkvveqobevwmsct2,KN_890322
R11394,Nxjlewnjjrgd,300,dxugtmlakosdwcqpfofafbpccprdxwxurkduy2,GB_397235
R21680,Poscfzceqewo,685,zrwtwnxkgbncbtjweidyskdfkgdrxqfdivqid2,QA_463252
R24651,Crrnjlotsuef,623,cjcxrbewfenpjvwrxxnwlwjrdtzlinmvwwcku2,IE_751768
R25847,Jxbgcvuhyhsw,78,adokfhpsjpyrlyogvktjjhomrfmdwtckhdyms2,GC_072077
R28585,Zrjbvwacxvnq,953,kcjbtezmiplmsvgbtsdsalitkdbyonansgtvn2,KC_307484
R28845,Hsfdnkoxcaqr,228,kizuspxsylxyvmsvmslrjbujqyqllbbcumznx2,SX_931993
R29939,Tsmdjblzfefr,921,hnkxksllepprvkmyxmxjyxuhllzljwwnnxfaf2,YX_820241
R31985,Ougkkxuhyhum,153,oekhzyfqyuimhfvialhoiiggspzareqhzcnxa2,DH_132233
R34762,Errwwnxcygdt,201,ygbejvkzqoxqjgchelqfwzejetjjbnysbaxsg2,TZ_474430
R36767,Ygrmejllexoi,918,pzuwknwsiqguldnhyhaxvtmzprvkxmrpjujng2,IX_859309
R37427,Kkuzmhroqeyh,899,stjxbucslouzsxwyomvofdafnzqqtczxsgnnl2,EW_056897
R43437,Yencmjlgecqz,947,cxitidyxtfgjnnofjguyehjbwezetoiiavezm2,QX_005434
R43904,Yppmfhwgnvka,501,fcnzzbkppwlfrimoajqgirfxaxrynlzfzhczo2,YD_330137
R55798,Gnzhybbdzrwr,463,gmlrllypywufiumugtxamxnzbxxhjldwvcvuf2,CW_070194
R61856,Asnyuxsocpmn,293,lnazcsyuhpsjreukninrjuztcfccspngswriz2,ML_768855
R63213,Wbtrtfsolljh,539,hldkfllomgxsvauzfirkbxkrfawzxoukuiadr2,NC_182965
R63935,Yyagdqbrfudc,72,gehzithovbdxrhekirnkmcauhtdcqpqmvvmtm2,NZ_682326
R66011,Gucrxdcvuifm,143,fnniolfpzijtggyoqasxrdzacrnvgtcpcexwl2,YH_141382
R71038,Mnyvtqvewvhi,549,kytzqfjmnreqevrflxwuwavtamjcarpnypovd2,DC_317325
R73147,Huvjpsqjcoix,676,mddlwblkdzsbgmkqkgurcramfwdolkmuqlhxz2,DU_727361
R74483,Ifohgvkyximc,423,ljhowvmqfeffjrywjgeugmomvjkzlapanyfxh2,WO_323431
R76501,Elnzuvzmqbed,54,pxwhgjhulbyygbezqhnoydqxlysmeexjaqnoy2,HW_969425
R78217,Lleyqlbhcfap,703,njmboemrcaglkjptgssympkzpfrgggxdanqhs2,XV_482008
R78413,Dxsfsmvzmrsi,114,qfzmzyeaclxqcjrnevvncnhveqysjknrjnaam2,GK_398923
R78915,Fozfpkbqscci,461,qcvrirlfiuyddymgequjgbkqwszgetmzarwza2,JK_227397
R79355,Szgajljsbnby,118,jhflhfadtmjfodaslwkqgfvrfuxubqqxrfjxw2,MX_075513
R81478,Lucjkfnjhzby,560,impydlsdledhosbtqhlwqlfshtauevgakglko2,XP_584879
R93331,Wplhnzgqwvfk,162,gnfldriilizfqhlbusqqnvivnmgnrefsfwkcw2,FQ_952811
R94523,Yrsvhoggrhfd,946,oxoapvkrvupjevggtveqveanydkqxpyiigaky2,IW_249409
S04723,Pyxipdryjaef,36,yiikcpafywemhctmhfteixlpoxuqizcwhaqit2,QT_799741
S09042,Tpohwhrwghuy,86,sxcpqgzvdoovebybvdtccusylauctktkulbxk2,MB_175453
S11198,Kjqhmsnmwlku,969,wvatdbycoqwokfyreuinykrmgrqrocsvcdltm2,VG_224223
S16840,Wkwvklwehehy,574,wndukrzbhsmxntaxnbgtmmiemdywemlpmqnvy2,BD_219456
S19921,Joszwcqsgnhw,69,rffoyljfdlejtyzcsulgfphqjmivlfujbagtq2,BF_081641
S21743,Ccptvcholhol,221,ujxodfxnpiumcdtjtzotkzahykndszlvvixzh2,VF_286446
S27848,Xwpnbqnuqref,320,zrjpsxgwliyhsaujkgfiqauyjmwpgekpycmgj2,DP_133938
S32043,Umgzlcpiooax,438,jmhnbbfxlhvhjbagbbxtmwuygauaouuzqnujp2,KV_866149
S33747,Hszrahlwshui,422,fvrlpjdcpdgcohnwahgjqpkenplarhvevpqzs2,RX_546042
S48133,Hsdilwniawlx,773,hucfrdfoowpktlxgrxbmepiuuquwadbccswrc2,XJ_326715
S52693,Oycrdgklrity,707,wftwfzcuvkvecgatkstgntbpksbydcaqtpdot2,MA_474392
S54294,Yqahmmutxhir,594,nwordktduegayrwcrltvwpqwvluwsuqgdrshv2,JL_963744
S57131,Nducrfwapunz,585,rynbhfupzvzhphewvfyjzveleundbkvlhqiya2,GG_534657
S59801,Mhidqeswurwk,705,ycvdvxqduybmrqrlxzuefstjayivqufkjxzgd2,TX_867677
S69416,Jdewvieyqgjz,142,klzgdfuikamgmyqocqugkudouqmbijrmhmvht2,FZ_855503
S69687,Nwptriibosxs,582,ntgeiwiloxggihvkpvheusndbqjlnmmfbuezg2,EX_468365
S72511,Sluddfblbtuo,421,hkqubtirjuxnsavuhmpzxcvtvaushovftadmd2,OZ_459840
S76296,Jkqpznxspsjd,422,zldqjpzhtbtqylsrpihjekbgwflvssktfpljr2,WN_423356
S77324,Jmgaaacgudeu,898,thhtsnzmzqtmvlaosfkrfmsckwpwtyficnymj2,RC_158950
S84156,Wqxpzivkwdud,794,ocwqhlmetkazxjryslnmcjuxbzpdoevzfuaqz2,ZA_277735
S88175,Quedoagnaaca,672,rpflhiijcvchrbbjwghvlkjxmfrofjdxpgqjn2,NM_582933
S90273,Hfdlpgwbosoy,591,ogkmgbmmrnpwuweolkeyygbgkjfpshjpkdsks2,GO_559275
S92833,Tncywfhubgcx,486,hjzzrdewcltangncamuptmqdsalsmeezliyma2,SY_143066
S96134,Vvcovnqhwspw,864,muqojhmfknboxirevovqwzcmogltbndsdztlf2,AE_377279
S96829,Mhjzpqvdmdjs,886,smhiytutrnrwgmmpwbxuunmakoffpkvwpdamg2,SN_743007
T06812,Phksnqggzyzt,551,vswvruldyexepyftzmboqdrgniqxvhmvasycu2,WW_706476
T11579,Kpvctxelwvrg,944,ezxepfkoxlztphsoncjlxdfxptkdyvjbyylac2,VW_717500
T22777,Fbdogycrhuaz,740,rkbdrithjrqtnirpytvfcpoqttrnevmmripms2,HJ_466255
T29423,Klwonmudjqfo,529,cmotkjjybbaqkowkqvawyowkrpceglwjbwrfe2,WC_262168
T33159,Qinjwljclkmj,79,uhntzbitisqukadqhdnzlupbmjfpekspwudco2,DD_695284
T33669,Amexcwbwqqyk,493,cxytqcevgpbfnniwraickpegwqnihkmfnmizb2,BJ_995742
T40692,Hniydczrgkec,870,tjzqfurtyuqlheychovnbumqbhovuejuoeicq2,HA_192309
T49672,Iihzxfjtmdcg,611,qmsfwgytkhucxepsqclduqwybunwaayqplfhr2,PI_864488
T51796,Ndjucuuchenh,139,bgejhtgphgddezzntdjzvhjoabacimwgextvv2,PU_728985
T52029,Vqlvstpydbjh,192,mqjxhxnnlgddvahlqvhtkeahebxurncnrpuni2,CJ_758295
T55772,Kbsrnhqvhfzm,907,jnptbabcdbcfjtbqunsywxezovdkymjemyzze2,OO_035130
T58975,Wlyrilfmqudk,921,dcmhcsqfmkggoitjzypbnlcsyboqorkplpyxm2,TV_759765
T65249,Ymyzyfvxvhwo,338,xlillkoxftcfcpcdbwyvtyfybwsaysfmilfro2,GK_006183
T71768,Ishdrbzfsrcd,261,iubwwkiijzbwipggczlpkbeqbmgxqujdxlzaj2,GQ_656792
T80563,Tuvtuxvgqyon,619,rmfkjwcaggmmnrfodnstqccxktdsvcelnsfrq2,PT_014278
T89514,Hprhueuepjmq,522,pvommuvclshkiwycjvmddmwlfyczckiogoqph2,PE_977717
T95051,Gjckpbaowwhp,766,lkmhgygwhqnizdoirpsvdtgjdggnvungtrazk2,KY_715108
T97218,Pqwnzkberswh,391,ivghjvmovopgfpuazanycmtbivubnughozmpk2,II_067396
U00704,Ewrdbyzboedb,878,tahtgliqtpowrbxctpbkldakzvsapaemmvtho2,PS_493338
U06661,Elgzruspcsyk,372,eccwlrxoqfziqfydiqbninqyoutnbrufojihc2,CB_543102
U10166,Dstxyfjrjcvv,682,akwshlmhopngdgfxsfynkyqjbodqfzofyicew2,XM_759298
U12009,Hetgcoylfhuy,931,bciemwhhnouomoxvtpafcumuuudxfqpqmqfhk2,XF_595195
U24912,Dyaumcvjuony,993,fdyutacjwkynzawxzozigtvychrcluhsdyisw2,GI_991712
U30223,Vsqruplubevc,274,haokkhrsbwsjqxvqliauxtglngeqipcfnisla2,VF_771167
U35262,Eibcaobboklx,315,oafjxkmjsbciftawcepxjwxxrifpjpxipskgh2,TZ_323215
U35322,Cmpxwcfkuffy,132,qkhsnbvvodpwmbhysgbcivagoanypebkdqtdl2,CG_721168
U42649,Yhqpumalbluf,600,dptnkpoyygfiffwihyupjadjrryosgyrrkwcx2,BQ_599332
U47420,Sybbknhtjhpn,285,hwwsspiyimtbmcinsspthwqfhcgnkimucewfs2,TM_470626
U51690,Hyxfqbsobasm,671,azwohggeslmnuaijbhdoxsvwvsxcdcproctsb2,FH_930263
U53335,Ngmjqxzowvai,125,fddhjnjlczyaabpoyrziaelltmhjelcvezmig2,RH_184631
U62967,Tuocpgdctokn,257,dengqdtstseaxnpyzitmqwhbkxlwaxvtazhjv2,CV_140858
U66303,Cixtkugsgesc,320,ppkovirhptkdgavxxymucqppcqrqdhsazfumb2,XB_450552
U68460,Qconjgmrpiiu,256,wkqqwjqnjbczokspgzaovdaqnokhvyuwaeoto2,WI_860500
U70150,Hjjznmisurgo,359,jpqsexhrsesjkoazpugebrlawwvpkktfdctck2,NO_601051
U73777,Kpusgeelfdfo,874,zxnjugayifldsjwszuldqgpexrqdaebgjmhim2,UD_921270
U75477,Nlzdtvtethnj,946,vkddkpqrdtahvwdlonxxofqvpjaaqzoxfywwz2,LU_502325
U75829,Reazqldgrqva,94,bujtcrtkkouyheefoomcvkbvlbjvoxtaeucug2,AD_319569
U76022,Qprvlduguhro,981,oqhrklniqylwhoiyrawjzefbtrsgvegljkyjv2,ZU_164779
U76453,Vxjkjotdtmxk,283,pejdjjywwedjprkalcynihyokadomtihdnyav2,UJ_731767
U77070,Pivohpmmflub,331,xntkkdpydpgwurctfdkszzqtnsrzdnsxlzfnv2,AN_067061
U77526,Tiaszreqjizi,119,kygorkjrajzahffzrymmpwxtagpqehhjoypch2,YQ_383527
U79798,Rnmndedmeptm,984,fjsqcmrakszprlwwhlwfhopatphbxodvqarrn2,RQ_082284
U80813,Gvkmfiqhczje,195,dicduthjjrjgeifdteotajyhzdcxtsmuforlq2,FZ_384981
U84726,Ymuahrtpizrj,550,bjqbhdaevwbrtqowiiqvayiihyutdiugxchze2,CU_441112
U85177,Wnsaazuxvhzx,254,xbgwkmmizxdbytztumlhaljejcdpuhvnatwhz2,IV_895222
U86796,Bwqjlthsslcg,469,jqioouberdwhgnchmybmhcirblxaiklxqzlox2,YB_461761
U87115,Fzactrjqqbax,288,tyqlysmrjejebhdkltdbmuvuljlbiumnxdmtb2,AH_525963
U89022,Kjpxtdwvajvs,348,dgkcwofkpmhuhhjwcthygpxhrgfoubaysevbj2,JA_091353
U95535,Rdljcukbnhwg,879,xmtowwewwmxjlbrpsnsipjhlcgowrnipfdawv2,HV_089221
V01690,Gknwcogognow,984,pfgajhwcmoxhwlugwomdhgynxichhddwciblx2,JJ_786906
V04999,Kazhkeuuuwzt,30,gdmibltayfiwexdcysyjinggkfsirlmpaxtxo2,KE_379227
V06335,Upuzkgmrzrtp,313,nnkajemujxvxwlrrirbtdseetilrwkomxkxiq2,ZO_690477
V08451,Awlkbruemdqc,819,esxkgcyczhrpgvebzqvvqdeolluljhingubxq2,WF_023319
V19645,Nclwpsxviorx,875,znzszcgqcvvxczdygvduslchsokwxnnkzhqkz2,YJ_569110
V31413,Zokfqgminhie,512,gedikrmhxejpttsjezfsrvngjubgwctrfwxwm2,EM_043675
V32692,Tgzdgryhgpba,170,jdzgeeszapohgiigltwkunvpgmpymipfyzwwr2,UR_862942
V34871,Piagyddevjdk,318,bwvzlbztstbtzoozrsjgqaimzbbuogobuuggn2,TA_237835
V35716,Khzhfigglrqj,684,saxisymwobzhepguhlwpzhbdtgzmwwxiobnzi2,GZ_685541
V35944,Srcjbnolcsgw,263,qudiydyhsnxufqpsffyvgtvtwzbjjubqtygfk2,TJ_079650
V37392,Jhpvzkfbhxnk,816,qigfoyfanxdknpmdkkgwsbzgizdozgoubrszm2,RS_449089
V40651,Akgvnussuasz,504,tokzmuctnrcbcnzuuipqwjnkpydtlbwvqbegm2,QN_759203
V41624,Precswbaoefl,726,hyzrlmrthkjmnepcbwbdacutxscycbmfrsbjh2,ME_068284
V50482,Dhwoinigjafo,423,hzxiehucxugpfxppzcfvlyjugiqgwcsjefnsl2,NT_869310
V66137,Jxqpknlktohq,41,ognoohiwsahecrmusdoadnxfizvijrqknyylx2,XY_604013
V66241,Rpgircjijsxr,595,lwiamnuclbdgqjlwzewngduvbarerhuhopxyd2,UV_957445
V68066,Kwyntxvdjfpb,711,kguedflvogomvaxuylifiusnuxblmxzqigoyn2,VK_812684
V73813,Pufggytduynx,546,hycmeyhtgdadhmyfhwpyxwqnzzltelcfiudso2,YA_081845
V75847,Dfnkhhgtqczc,422,psihuydbslnubmzwjzvcjhqvwhrvfewtvbriq2,YT_014760
V80539,Okmtfhooreix,410,fdxlfxhydhldpwithzzdaotavdabrykzajnlc2,NQ_264733
V89924,Kbsssyvobtwo,425,xxlwbuhnekiqsqtrnntcwxdojvdotapeawsgo2,CQ_206678
V90383,Ycdfpdfngftz,335,ueedsmhdtorhwxzplfopikgdtcyrkwoyyzbhc2,OV_852496
V91292,Dfaqvaoomqqv,421,ljsmrtnhukbzoulorfffwnuudshhwtduexvzo2,FJ_537924
V96193,Unkvxjyparad,761,olgoxleloltgldklnlvipuqsbcomtzofbdtcc2,TO_079958
V97365,Clcdmxdcnmsl,218,psdcifvukaozkkfapwnuxcpdqxcmcsjkvqfok2,AF_368791
V99107,Ffxkdfupocws,308,jedkkfkxkclgrsrliixxrmhelblekzqztfiak2,LG_203701
V99411,Chbnwfwmvbqy,159,ddsiiygyeeevupchxtxbwqqpztqlnnjqjotew2,YV_603520
W00929,Wtqbpyqwoeyr,220,plqmjsckpyaovetakbqueaqovotucashsxhyg2,KG_904820
W02923,Iadeezgpdstc,426,korqamhttbmntydbtafywjabewnlzdyibyvmn2,YB_464818
W07301,Tloeyepvmhrh,95,wttwrmacnbhcrvbeepogkmvyyafdcvttibavm2,JG_540400
W07615,Ckmynnjtmaoe,957,ozhsodzzsudvbbtbgifbqpjzwboukqqgwbtjw2,CJ_587812
W09875,Mcogktwyseei,898,tupcvdpjginqwqfqpaynfyryqshhcljetsegw2,YG_819618
W13497,Llsfbkytdgbm,922,tqdiagtbfagafridjpvthpetyxhgukrqqwlmc2,IF_426201
W15936,Pyzhhzlpaxhp,34,fdgellnenxsibbzzisofqluoesckkrbsplyie2,QD_200532
W18977,Mgxdeeqvvudh,902,otkzhisenypndyrozbcvavwgyvqjmeqaiidqx2,OV_864721
W22949,Esrpjuglgvaa,144,uovxhbsqlayucdsxjdelijkyqgoikdksalkkw2,CT_520632
W26992,Rkmfvbuxvmjb,86,gathbzquduqjzwxukincgpbyvedjwkkgkmsmv2,TT_150805
W28441,Xcmhqkowyjds,489,vriysdpfomtkhqkktdlntyskvrbnrrnvbqvqg2,ZP_373664
W30042,Wpbhukdhhimn,794,kgwkkvzxsoctvtmzfnorctcojlgjogvhfowvt2,VL_733302
W30992,Annwnaasgihn,197,sxainimenhlopjtflqqxyqadynkhckcucddmd2,DT_319488
W31601,Zpfzadchbeuh,68,esodrqdekbwhrnpkzvqzxteijuqfgfyqcsgzo2,ZV_803246
W37161,Bqitrdhempvp,746,bwselisaaoutlmsryqargqufplfavibhtxyad2,RZ_591699
W37663,Adolwllycwhy,461,ooocnwnmwabxaiavcpfjulatuogqywxcrudjj2,RU_968877
W37971,Ftwogyerrmdn,978,pcpomvrmmbrzwojqqundzczfpghybeljvrfwh2,PP_613792
W39101,Hufaemyvungo,870,imdknvobfiqniolurttsmtucvzdpwnrmwrpqu2,VC_636017
W43506,Gfhrqztznjrq,834,vaundmnaxcejhmgchsxuvhuihlhqhavjcfnjy2,VA_584703
W45089,Ghxoiyjzrtxj,175,hkfsbszabgithbgmfzzogxdeisdefxmoravco2,ZE_638730
W47473,Mvylyggkbebd,15,ioghgcsfokmmvxgznxugtyozokxmlorkkulqc2,NT_334835
W53804,Lxinjpfuxjnv,14,dlqpzumyiwmopmcsglwoiydpbmridvgkmymju2,NK_807181
W63777,Ggmdsttyorze,340,xzebbncsbnrvjgjigzuslkkkzevkbqmmuucsb2,JD_016539
W66657,Datfztishldd,207,loylttuqkixpllzpkxjdoybzawdpoeikaefhi2,KA_200450
W75359,Lnzrlwpiryft,733,euxpvqjkitupahwduhifpkxdhsccyewmppfxu2,FV_338629
W76459,Egbdtfcndhjz,554,nzzwfevvwoeffjtethcwurnmetapwalhxpcro2,CF_405438
W78068,Epnzhtcfrjen,885,hyaxlexsoklnupchkfkxxpfoorhkqlhwktymz2,SC_471192
W79405,Jspogqucwzds,388,lynuaocupdgwvusgzcarulbfjixjioxjbxqmk2,NS_226674
W80870,Xvjdobzpiqzz,483,iqwjegqmdxlrbovzyjfytvgrifvahkscwkuxf2,HE_819731
W84348,Nznjokbbihoq,647,cpnokbboexrnatqmqbvrvrahsctcketrfmyaw2,XF_873432
W86373,Rwdheqgfdjfx,795,kmdkanxkzmvskxihakxeoarsylftsvxbcmgut2,BH_765414
W88511,Otfbgxbuxkel,500,oxwbeoddzuaoikpgwycjqtztjuckujuzttodw2,UR_958500
W91414,Iadijoryitec,59,kqdsdlkwvjcjbowovbiqwwyiobduoxhtrcxiv2,IZ_873250
W93479,Teenklxewjzv,82,pqgqyjnalcyaxdzerznpocnkrbsgctjlizhdk2,GW_350894
W96280,Utajpbelpysy,903,xltommfwgwxdfrzorjlxidxvomukunmwjbztt2,SH_518830
W97955,Toddpguwkrxk,722,pgtndzxczfmokdrevzcdjagatgqxwnxknnnrw2,XX_878238
X01247,Tbxujjpfrhgv,659,vxxxporxhzhhywtntbcrkmyhfqwziiatrfyxu2,NM_002556
X08039,Oikvmnjrlbsq,601,whpjnnrvmwggtcakdpcswdzqjfbfwhuzxgqwj2,ZI_760696
X09002,Rfrjgadnnaei,677,dotbmxqeanpcryeyzpjcsmikjdbmglkvpzjkn2,XN_140118
X09166,Gimskkybpeht,891,ciywmwhixjxnsagkikxsyqehemslermwygoss2,LI_676607
X12978,Yuejhfjnewjf,245,wcdoxxyyragjpdsqfmirhjdfpolwmbzblgvux2,GG_356252
X15078,Xycxzytzxdkn,712,meocfkmwzwshinjxyrooxduwreibswzlqypay2,ZY_269107
X17494,Pykjcbecozzi,137,bmerdxthodxmoiumdreedewcmrhotxlccowgq2,ZA_325954
X17863,Nstkahdekwvj,348,eyaogabyxmcnzkkzxbkmoxkyfyvihhvcgbpzb2,BT_645917
X20715,Vuhrfoqoeqsb,133,wtdlwtzkfdfqzmeqpbgrtyiiplwsbfrfrcjjl2,GU_126718
X26099,Aykqyqlazmvk,525,efljulrfkfpklxbsicbzjepmybduupsmzrzdd2,ZB_347310
X29397,Stmgeufxfomt,161,bmdeqgjtgrmlprqpfrhhghhpaeoevguorkedu2,LU_918060
X31114,Sfkxevhjwtbd,528,swqxrybukhecbgavckpsqodgbofauaauzgibz2,DA_589367
X32839,Cmsaabtrgfkf,991,usdockrjxmbrrpczstfvweslhvxlpmqzxngry2,EF_256946
X35983,Npihgjiafjgb,186,dungpyipvuxyuuvzmneacddfbpieaxtjietsa2,LU_462833
X36266,Wksdawsdshaa,532,fycdzbcrbrcucimkvmydzwpglypvhzhvwknlj2,VS_919483
X37151,Qmwqywpeyngh,399,bwcamfekymhxoraolxxppjfvveornrngsvlxr2,OO_178518
X43169,Arpudxjzuvdj,718,lsmcvtngwwofvvnolmrolumeopmfbixboweol2,CO_513178
X45145,Ztgfzihdravf,404,swvmrgdignedwaijjdguwtuptbdgpshnwxnco2,AK_421948
X57137,Pvyomagabrhd,573,siwbjveedmvafeyeubxfrmeyecejvzfgnlkiq2,PT_839713
X63889,Oftcbznmzsyp,808,mugnumiqeqrdhfxpayafmkgkgcdogmvototji2,AO_114844
X68465,Krtlexgykdwp,673,cegfkmnajngrgbnzlwkoixvwdfxcdcxnkgopb2,HW_877284
X69172,Purtjbubhmsv,658,mljrjvkrmzcjtjtazhwrzxiabrovsueudxvmw2,AV_914721
X73909,Fbifxjonmmqy,197,wpdbowpqcuckftpyormjbxtueyfywmtqmhtme2,ZM_936766
X77998,Wyzcqxsvnouc,517,qdtcpsrvjeskrrnzldeexlugpkliltanhtvna2,RR_171954
X78440,Jvosdjpwjaaa,603,voxbhtplrzzizmhmmgvxbrbdzazzhqwommncg2,QN_428877
X81211,Pebqkitbdbai,895,ztzwegyolizxmewmeebxrzgwtswynmxclrady2,KC_923378
X81639,Lqnkovgrfcqz,557,ccrdfxpkhgbazxnziphbummgvclmhlsdvdzzp2,WU_282678
X89409,Lwiibtknlfer,69,wyxympfakfgjdxzrygujvnfoqskopqnqwquiu2,VH_977303
X90350,Lgyltczgywcc,296,bdekxymizcdwcwnxxnnthbboqmqmzbyssrghv2,LF_574489
X91394,Lxeduouqjjml,544,voasxofmzrazaqqsrmytcebvkdpkpehsasrnt2,OG_282198
X92269,Erthrtdyaati,579,wnqctsvksvedroffzsybdrpxlksuvaswrperz2,ZP_489936
Y04850,Koeutuqwnrkx,238,nypjlohwuhftzvocgmpkhnhwpndshkfhnuyrr2,ZK_370885
Y14604,Jzvbptnsxqly,444,yzwmfstdmxyecarmithgkmyhednwbhpqemypu2,GD_591312
Y14747,Oommrmlfbozl,765,tdbodbpvfemdlsbmnzvvjbdhkwtupquzdlmkt2,QR_989948
Y16380,Huyorjllxeje,504,lrfcosuetwkflsgixvvvcsjveyrybpdrmhxyx2,OU_902580
Y16726,Gefjejnpisgc,948,cgdsidbeqjalpovyadkvjbgxesctgopuyybdd2,IO_635867
Y16768,Ptrtnwivdnhj,810,cznkhmzjvkkvoeftomejwrqlezuowtwgsdyde2,QX_297856
Y19209,Jzczhzkniiur,900,dlluduzsbbyghqaseasrqtrpmhawzxcxbduzg2,UL_265749
Y22237,Vtwafkcvahcp,752,ajvrzjbwkitrtzuwbkielqmuhfdqxikfwdmcd2,ZJ_412953
Y32324,Lxohoprjlnoo,668,bnnmoprrffmlzcrqqvbziddirnodsanlxxqyv2,XA_735358
Y37605,Dkulzthtfnle,111,fgywwlicymhmtlvlwrdzjqtvqizhukiaufrkw2,UC_501516
Y38168,Pamrzfcnbyfp,503,ggzdbqsrmdtwcvlyxsitjrhnnhlydgwrkfewn2,DF_359187
Y45110,Bagrgujiyoqb,772,ewvqyazlebftgogxleihbxcbcffikjlljspbg2,AU_430762
Y52931,Wfvceyrnbsyh,721,lrtjsfjcqsuvqrbyghtgrkigsxpjrwyidpoxd2,SF_262548
Y55265,Kqrkmjunkslw,125,pzifetpmwhkrlddkhailikokldhhqrudvpdmv2,SY_901381
Y55939,Xuvbzeknvpgv,960,rocqrwdbqjznucdrzzonjttrvzqucwlandlkk2,FB_207243
Y66728,Aacfzvovwngg,221,marukpcbalmaxpgjrailnepvmjpfbejoqaqci2,JB_717489
Y68213,Iealtkrcycvl,158,autpgzorwxmggewdusptnxurjtyripdejgedd2,PW_271989
Y70295,Ablxbhdbpwnk,103,wshzgnuqwarqnskaqefeyymmespippyumsjpw2,FP_221677
Y75516,Ciuocqsdcqei,78,gluaveijkljnbgmdymdtdzuyoodjeydivyfmo2,JF_686629
Y75609,Dwphwhlskowg,377,pwxeuhutgczkzstqrmswcpieflveipxgzgxli2,OT_714411
Y84195,Xkupomgmrftc,169,sijrcbjosnismfungkyjhzpqmnsiqmgfznabo2,IF_806319
Y90306,Gmqnywgjgvnm,936,ixqdfaecuzbkhffplasnxqjhsfksolbrgunxw2,TU_433989
Y90595,Ombnwmzrryfr,213,impclndijfepjszdwdymzqaqnqofqbmsvypfi2,BM_244310
Y92551,Nporputqquyv,80,klgxivhkvuzpusvmscwzczzpydeagmtilxnkb2,BZ_488008
Y94603,Esuriphuxaml,792,actjtscynqckyrfqaghrwzhgulmqtnqlvkkum2,YB_416574
Y98998,Hrrxwkdwuluz,883,mybzybleriosehjpytlkhlzizjerlzmurdexk2,WL_416281
Z03227,Wbhbwtkazhac,793,qxhysbzzabtqivjxlbvnshuoebryjxahpxlje2,GL_694673
Z13274,Ilakfentgesz,253,jaaucsrqhtpjmtksjhcfbqywahgwvyebgbzjh2,GR_128180
Z13347,Waonzezvivyx,778,zxstszamnpghpohjugxdfxdupzhkjwjswldet2,NG_214522
Z26263,Dzuqfoqbxyvt,767,olddodfuqhrhykklkubhilakstphwzsbwohwz2,ZE_609611
Z27418,Oetdtftybszl,868,ptrnecmkirkehdshyygdpnsmofsjodryvujpa2,SN_885599
Z27498,Zzwxpccupekw,630,sqgqpleuzpgvohtyoyubszpgvzpxccpiuilke2,DB_523524
Z29052,Zmabyefhyjeg,898,emnpmemrmishbitusdvwrbbcqdghecwxephvv2,VW_191389
Z37142,Sdbcfiwribbg,372,kqipjozyiwrvljigydunjgunbnisgguxzbcrc2,GR_745406
Z38932,Uvnyerqymkiy,971,nhfsgebwnbpdfewokrrwiuztdkrocndvaqvnx2,PJ_884749
Z43606,Besvtxoyvsyz,657,nqkihhqiyygbsavgpfvrtcewfjjnssmtpkxri2,YK_592301
Z45416,Ckdaaegdvxry,292,itibkiaslerwbzeooajbbibfagxjqmiafvvlw2,VC_216394
Z51733,Vizweokvgraa,907,szgvmrllbdsvuaeawxhzjhjbmquububeshqqo2,MV_817799
Z53437,Iwvjmhxcnkwa,273,bszghsybhmfbkwihqcgpziplxhuhpeclhkugz2,UN_623639
Z54747,Gluwyjnauxrp,581,mfoohupobhypegcscivxpnknmchbvwlkuxxkm2,MC_323831
Z55761,Cdcqxruggfbz,991,centzhhaumnqbprzweignjuevcbxjyurykovx2,OJ_291535
Z58438,Nvpxmhavoxps,76,ypzwautyqfztmcofowjjozobhkgjxypupiplv2,TP_905975
Z59692,Evnweabhrcnf,75,yrrhlidhyoipgnebqdizyqybraohnefrjnmit2,DS_356707
Z61373,Qcxuwcwwsheh,641,ngpolfhogqkmftklprfukgzgpysidhdysjvoe2,PM_476156
Z61418,Laqvbipzmfnl,278,fauvbabtprymvrqeansdquqryngsatryxyrhr2,MY_157539
Z62312,Ugnivcaelvgo,476,exqdqyayyevhhmejtundsqeugzyfivlgyhcsz2,UI_779823
Z74709,Hsmdhtreonow,252,fxetutkehzwdquxczmhwisufegpzlgmbvekqn2,JQ_191719
Z79683,Isoohhrzlskz,587,xsgntbhmbukwejcnwkmuizupocbhluysdroez2,AM_894938
Z97590,Srwnqcvbccsl,81,llclapzxdigdjvulggekmwspyxvyayifxpzaa2,CS_400407
