ID,ID_ncbi,Longitud,Nombre,Posicion,Funcion
1,29,60.14,ygptippawmnzvf,Fvs.03,npijrbvvcpvg
2,80,18.14,gmvrlqekjtbind,RLO.74,rigfsesoagca
3,16,32.03,dgymgswtvnhovp,LhD.39,zjadcfjnwsne
5,84,65.41,nyibtfhievvzjv,8b7.13,siuorlfxinzj
6,84,93.87,lnudthlznageos,WZp.03,asvvgayzeccz
7,23,79.47,gzfywyziyqrdqx,kQU.49,hkkuaxnwcypi
10,23,6.74,oodpzfbnhiumyq,XcN.02,qpoiajmzlcwf
11,204,224.66,nznuqbcidfaezl,KzU.87,ltcthsbjwxqz
12,15,63.3,ajogmzvbfifbfr,mpd.56,loynckdfoarg
13,806,225.47,zvcyfhowxzjqua,DXI.78,gerieddcbtjx
14,13,19.4,nboyvgafyorupn,7Xp.81,yllnrnagyjvb
15,71,6.79,cbmryrvlbtqaqr,VM7.72,kmuvbbtadili
16,63,17.62,togyiwuakueyjw,hfy.83,jlayhywotrrx
17,584,166.99,yyypdcpcyrybui,8Yc.99,wvqucvusguik
19,78,18.27,kqzkvufyrkuqmi,bu0.10,yrtaapsxlexh
20,814,114.58,gtdopopnkaathl,Zin.11,wvszbsrehfpq
21,26,62.2,eevejngdjehwpd,9yY.23,sqvlzxwcdwdc
22,41,573.53,xaeyqpnjzwckrc,XQ1.09,hkwoavosgdub
23,14,85.72,lkmoskpbvoszuq,wkY.60,xwghhgymlrep
24,38,24.78,mvrwlqblquslsc,51J.34,xqgxhlnzsskg
26,26,98.51,sycxecqzyyrlzy,DvW.90,bovisxupiqnk
27,76,66.34,wwhppczvjpwsfh,ZFV.86,eeoljhlamjjz
28,43,73.32,xfwhryhfvhognn,AYy.29,axkqgoyxigtl
29,15,24.69,muicndjztcuoov,got.79,dnntodlxdsen
30,54,78.54,bwmpjcaahrenyy,v5h.76,arewyzxueqja
31,36,63.14,wccyhbbcizxyse,Vna.82,zqbaegnmkyja
32,27,77.45,yufcglljmoemjn,Z4P.69,lnorjvsrquqr
34,338,863.2,uidalnugkeuuiu,g57.04,ascowuiteypm
35,96,69.05,wiemeusxyztwjb,LGJ.79,xdgemsqgwrnr
38,40,46.77,esnrelqlbjtuhf,xYG.36,qbzsvdejbvwx
39,26,92.51,nemxjrzarmaxah,bVN.57,mekpixaxaqge
40,97,10.19,adneidlpjhtdig,2Qn.39,gnukceyzlids
41,82,23.53,ljhgllsjlkmzjw,bCx.33,hwhhhsxynokn
42,58,38.92,yqhcidxbqxnbtp,ly9.07,mjfnwflabdjy
43,45,85.9,dhepvbpjdcbcjn,XoC.07,tlgyaiosxyeb
44,22,86.64,eqninnymbuchld,FbC.50,trengewjlved
45,49,36.06,rqmudxuzgjqxuz,qqV.68,qbtsovtuikke
46,59,45.65,itzhqtdcwpobcc,FJ0.94,fqlzzervgauj
47,28,14.64,hbgfdafeydwaju,sht.95,vtvzamdnsbks
48,70,24.85,lrzkjqvzochdlz,08w.46,lzgezkivinxx
49,44,22.94,qchglkwjumuzgn,pEF.69,vifrqofljtfr
50,96,61.31,kcphyplvnxvzfk,ZIt.66,xrgizteytusx
51,87,86.36,xesgsuxafaioub,oAv.64,shjhouawjpyy
52,41,20.99,rvjqimpxczwoqm,ldy.73,xumpdryjdsuq
53,57,64.9,jsfxcipdsdikun,GMm.01,ihyafignqgyo
54,54,9.01,rbaltbyudomqen,yNN.36,zvczifzpqxjl
55,86,78.22,yiqdoxbnykdhxq,wv7.94,zzrkrqpcnrim
56,18,32.74,rdkeglmrkmizqc,geL.70,cabbeodpxhhu
57,8,30.78,mcrstmqfnjfwkv,0s4.41,wmpaacpyqjid
58,93,29.86,yhvbwdqjsbizku,7E4.61,buffukaekvnb
59,62,49.2,afgohdjhquexno,Xgi.44,fsiceckpzemv
60,75,55.83,qrevexwlqbdplx,kmh.80,auihwinumlhl
61,31,79.19,blzisksrbbibds,dxb.96,fxiauvdftbvm
62,55,74.81,tbilupqosbohmo,KVz.41,bcwspxzoiyvy
63,26,95.2,wdbwixbyvfvndv,qtP.70,abrmbasyvaxe
64,12,73.31,uyedeicfwwiccu,8jL.68,bngswwceaduo
65,70,61.45,vliylbhzkdemax,ghZ.77,iqdmvjovclfa
66,23,54.14,tdzfpbizuimtqu,blo.48,khwdbejvzsbj
67,84,42.79,vcaazcovebhont,aMO.01,cevfopyobpwp
69,67,31.48,ntrofnrheokwhc,tOM.25,ntbxoedisroc
70,62,98.56,gvoxpgeaypwpfx,B0u.99,nemvrahxrqms
71,45,17.92,iwjsobsbmemvhp,KKI.63,witbapivrpjf
72,94,71.67,zssmfaysxxinao,KZP.29,zulpvrapmcxc
73,20,29.46,unhzghsekktrnq,qvk.19,cffftwwirany
74,160,120.17,vcuqhmgcrggvle,eNg.87,gyahsyyrsqvx
75,70,66.49,zumcwzunfdhgap,wFX.46,krzyhjibnsru
76,974,674.4,lamdfqzfcgrsux,gnj.01,cjwdftgyaqfg
77,30,99.76,qlrizcmyvljxff,ggV.49,ndzyylwtodki
78,99,15.92,jhssokcpuuwaqn,oJO.38,uxzjsyxcexbr
79,90,82.85,icgxzgictiozdw,DlE.20,wykvtruzfryj
80,12,92.51,ubzwyhynflkiux,dxY.87,xodndtjaobsa
81,8,40.29,iupbyhsgfyufmw,59Q.08,avzwwkoejwch
82,509,686.34,lnvweoxipgnjmg,3WX.81,ugcyljuhjfzn
83,28,95.25,filxxtcsxrueuj,sNk.60,nipwnwmkvkkb
84,844,973.29,mlakvmfvldiobk,jKi.48,qoqhprwctgvo
85,59,51.75,ecoxtqfvbuvpgr,DsU.72,bltendzzegwm
86,29,3.44,mprecupneldqlt,6sC.98,hlkbtacjesrj
87,84,62.66,itzzenhdocoqlw,6va.26,jojcygyrwoxm
88,71,87.48,qvtypendydohew,lZy.31,raxetyfzxncf
89,87,87.67,mgeyfpchhkzgfz,SMP.66,ogcrcdedcgod
91,95,78.85,pmhpboljgehgpc,RZ1.07,btaygfcbtxmk
92,24,52.15,fyhqkpipavjulz,ci1.55,aqpwpopgxpzq
93,206,453.48,mpskgwkutuhzuo,gRX.61,oajlwyfqbjyl
94,44,31.31,kublbzkaonvuej,PpM.75,yukwqqptgtof
95,28,30.19,jaqrcbdaeioifv,5V8.25,hsnctsgkhkan
96,33,33.82,ywzkscczxyxbhb,bDq.03,jwougvejuran
97,38,17.4,hlerzhrqccoofi,jA2.53,nwdjrjagxczm
98,54,52.67,snsdnaddaeqgpg,C3n.65,qjrjptusufbv
99,48,14.44,bliuvttujihgmo,m13.58,lbkqvclpaapz
100,88,92.48,elstqhzjdwaxly,MD9.18,zruesfgcnfuk
101,51,887.36,hwfheyvpleanvg,12K.78,crfrycbbdivl
103,420,581.01,jnelqmdovowdjt,6fw.45,wljivszffwpp
104,246,502.15,juhlyzcmstejfq,GWe.22,etxjqlnsvoxj
107,899,233.6,ldofhudropjgpb,qBX.50,wuzuawstqfmi
109,270,103.03,tpqjqvxqsywxyq,s8t.20,raoiqrkkvliu
111,451,398.47,clvubziuoeuilv,lnW.00,gwmhqnopkesi
114,485,946.28,ijhwutocnvckmo,qo7.72,viikcpagjdhm
115,885,462.83,ipbsarzmkclkld,DDw.70,ntjwvczwdrdf
117,752,799.41,ynwfhojkiilcvy,wZb.59,bfqeqjwqrkyv
120,710,336.73,wkdeetgguowhzm,u4I.43,ounlsdqyszvg
121,777,184.44,vjsdawapagnsib,MZW.07,jqhcrqlbcjcc
125,261,446.4,ljajvmpaodtqki,WSD.41,umajxmkqfwhh
126,632,293.95,wdoocrftiqnbtw,BgN.54,ukdqnmasnzja
127,789,937.42,ardjjyrvaglblz,2Bk.75,ehisicrotfer
128,421,84.11,miqhbnnlvwyjpc,A1F.06,ocjiteejdwey
129,34,498.99,xrkxzupguqmcik,In7.72,ycfdrrfgvsuj
131,471,403.66,iriahlflapljxp,B6o.21,czmewbbcujql
132,818,814.38,rtlaxvrtlbwyco,9AB.94,fayxrpghpzsl
133,604,384.52,pgjewfulcausmw,RW2.60,vcnkhxaaviaw
134,775,478.56,gskbxieazjcjva,rPC.66,qsmlvsppbgqi
135,160,227.38,uuekkssrhcupqn,pxH.09,yrimrthupwan
136,979,370.51,vbkmdiuigwvsmk,avf.07,btrizbhqezmd
138,999,365.18,wttlavvibopfsx,WfS.35,aokybdgqflyz
139,111,196.53,frjvljtjkytprc,vQu.89,ppvlfakrozyh
141,413,842.96,mpnyskhwtkmpof,3Sr.88,gjhymutukkeb
143,923,486.92,uyrpmkogybexbi,j8w.77,acsbfumiwrvv
144,479,288.77,xiteiizjcsfjii,mKn.76,mztofvksepon
145,163,625.33,aqmuxiuapstllf,JLU.73,svcovqvalwzn
147,874,539.22,fvkajmcxeiinkr,phJ.48,vsfykwhxdipy
148,288,731.67,moxevzejezoyxm,bGo.29,knrxftrdzzzb
150,327,551.81,lnrkhwkwvzyjea,tHd.10,ttffpfhqsgrb
151,251,852.62,sonhwrrmhzzdgl,R1w.28,djcqshsfczfr
153,211,620.18,svtuvqrrcykhoe,HUI.71,gwaemzbkkbzi
154,356,395.17,qpobqjtpfomubw,s08.64,shndsmxutwnw
155,318,467.56,glnjsgjosgihxr,C6f.05,grtjjlzgqzyz
156,652,31.06,zunmtlbmvvwbdo,5z4.34,yinwcawmuonm
157,904,366.25,jzfrozpomvuhfp,2c5.27,zauwcfhfavfe
160,485,908.09,trhudqutqcictf,Lbi.30,eupskmetzxoq
165,515,811.32,hybqkfhmxspkkl,m0K.26,lmtlyzzoyktl
166,312,761.01,qjovonehhycfuo,BAV.31,ugderwjovbft
167,189,245.03,icjsimybqmcnxs,BUf.50,zkbbrpbjlopt
168,161,432.39,ksumlzgiczbnpd,4xo.14,fsdjzvseczjw
169,411,904.95,khoydtsnbrhofw,fTY.00,veniemsxditd
177,726,3.23,rqnpdszuejlprp,zOL.89,sxkehzenmouf
178,206,869.91,ihdllptoadxakz,SH0.35,nscukrmfpcpx
179,24,550.56,hgrgruasgbisex,vTf.07,vgxcwussuvay
180,509,890.89,rvpraabripkmbo,aID.94,ewjcuhmrgjsv
181,651,943.6,tnpyrqgfxggahk,4dP.99,fjbmvhghahjn
183,646,41.58,eknhficqeooonh,0op.00,lkzisszthncp
184,133,122.65,vlruucgdffofnb,iQF.77,pgrwxcfqsged
185,834,605.1,tqxteoontadwcj,0Kf.20,lwpkmsufyswx
186,651,160.04,saxzycsqttlovx,eFG.89,wdrhsxzvwrbq
188,551,187.15,gffnorsefzqmjl,oKw.35,oefmveislnme
189,578,903.68,elfmrpuguaacrc,qK6.31,addrsczppsto
190,211,613.06,siprysnxzxunaw,628.88,pfbykmlchcrm
191,810,188.18,birelpchxrqalv,lIy.56,zoybzddcesza
193,877,529.34,tobylxhoqjplya,Zrk.37,ylapgwkexdko
195,375,114.1,jlknishcgjditd,z9m.05,hgywkuzssxha
196,807,36.78,cvmamubhlavraw,Vcs.53,ztcqwchksooi
197,767,865.15,bsfmtefmtxokvj,7tA.23,wfhwemgultbt
199,247,10.81,zvgcmbkuzwfzko,irR.37,rkzckffdwols
200,290,136.16,aepgbguuotqvqh,nm9.42,sfalmwufxjlp
201,295,824.88,nzvkdgivjqskop,45O.30,yipinoqrcttb
202,776,90.92,aiycsxvfavnmlh,nSs.41,lhdyvtnyosfe
203,229,359.94,vnrpojwclrmmvu,bz8.43,iwsjmrroqzmd
205,627,526.67,sudbceleunvfdj,fi5.88,fjvqkkwbuffb
206,338,124.32,vzbnrohthfbfmv,L2u.35,phovdrrtvpyv
207,903,192.28,zgjpqwbyrsnlmw,UEj.90,ijyemomzwpsf
208,735,188.09,awbtcipinzeneu,ssU.67,mlvtjgqkawzr
210,885,563.69,cpmyapszvirntz,qGa.00,pfzrfsoaqxbu
213,25,517.36,tmaytfkpctimzx,DWP.31,qzkxailoansv
214,947,82.35,glpeawggqnstjs,ZyZ.93,tdkzptusbigc
215,542,129.81,eqjgyoigngagod,Hoi.76,ghboxtysceow
216,159,543.23,ddfbymovwwkogf,TqW.05,dwzskygnerxy
220,485,112.97,yscntzkorkwjrj,yrO.07,fpokvqmdbbcv
221,186,688.88,opzyurtfhhxsgo,K96.99,qemnbsiqrdhc
222,287,296.58,yrqvvvjkuzhcoj,XLN.81,zmdvxphuytlt
225,265,842.01,ngiuinrtinrhcy,5Yt.38,sxnwmonemvfl
226,886,465.67,fvwxxvmehytppd,DXY.44,rrqdcqcpdypi
227,943,590.41,qoivbytlqlordr,2Hb.97,srkfkunrvngz
229,969,338.34,tycljpqfbkoesx,YUU.61,amzgtcxpwjgx
231,740,137.55,hqmgnjbpgchnvd,H31.26,dsgynqfppglk
233,887,39.36,ntcuabqbhgtfjk,f34.03,zyaukcdaedfc
234,360,451.77,hugoqzfugzizpe,Yrq.93,zeoebkzwnatv
235,767,389.57,lwdrevocvuwwva,md7.98,dcxfgkmnpuvw
241,363,249.89,ziytynfibfofyl,PIT.94,wonrudsyglug
242,337,146.05,bizjigtfmhprwp,9r9.90,zqsbzzcgkgar
243,689,992.82,sjcgcnmtysidfc,8xV.45,laenapkltukj
245,135,588.73,pikpygttcyuzyv,ZCZ.01,lzhfvsxkxaae
247,371,813.25,cycdqdttvcxexa,Qs1.36,kcpilmerxwgw
249,661,814.63,cepbscurawkaav,lcB.21,bnshrncdayti
251,19,725.8,xnerfvqxaxxhwa,Sn2.05,ggeicsfsmibg
252,565,688.05,qoncclhgfixnly,IX8.60,vsbwtlxbvyso
253,988,524.93,jcysyxtvagwxzr,y6n.39,opyyfqmkqzek
255,17,833.06,vwlortvdjzbtvq,EcB.19,wefhhshhyxjv
258,427,901.91,dqkeffhevgbpkr,mhD.51,hjxsgksgzdoq
259,414,147.26,qyinksxendledr,WBA.09,tffdqfbsewfi
263,103,571.79,ncaozfvgeeieku,C2D.74,jmdnmpxevyex
265,320,23.76,cbewgzqpthakxp,FDP.76,zjmjauroqmoq
268,443,333.6,jnpgkvxsxzmoyn,XGk.84,kvtktiftvdhf
269,302,464.31,hhbrbezffbqhsm,SOV.25,obdszwxmpamd
270,385,684.16,bjxdevfnncposi,A6Q.49,rubvnlrinxav
271,501,843.08,ewwpdgkkxcrhua,jSz.36,vsylfnnrzlem
272,6,842.21,eomlgucsiaxmuu,M3R.01,zuzfpzjfgxgy
276,337,419.12,yaplvloaozothr,lLR.64,pfxdktsxoxav
277,521,121.44,dnafrhqgnrzdpy,l9o.66,wbmgvozloooo
280,88,836.69,mswixgtfalfoka,C7K.48,jfglojojayln
282,93,354.11,rlhwmsyegdnbzr,008.70,iqnlavuftdjf
283,209,82.98,dyoalkedzsffhs,McD.18,slvhnwgqacnz
284,816,375.95,vnnoiogahtbqlz,Hr9.56,zsbmbbrvvpph
286,525,201,sderlgabfmvlxb,JVM.00,akcwjwkmxuty
288,850,22.75,yzgruninpzsmpr,JMD.93,ygpbcmdxjynu
290,396,790.55,kzekgvvruppygl,RYB.22,vpzqrsniijfe
292,42,833.53,evxcppsncdkvqp,BgF.82,eymwwwlksiqu
294,939,332.67,kmxyezylaqjsql,JpB.00,zvgglxyrmfyv
299,70,336.27,ycjkcxuxwgbuvn,W23.04,eabxgfaeniap
300,540,68.84,efjhgaaekbvlpm,uAI.55,veyceqsprvjp
301,92,419.16,lllcqxrmzspvuv,Spt.18,srujsvmjclde
302,801,982.54,cvuqvhklhrjmva,3ht.04,khptwyfihzza
303,680,333.66,gyoechqixsmsar,tpc.06,ykyevrbgmehp
304,611,692.92,axdoutmwyihkap,7Oz.12,zkhqoupxwiis
305,244,284.99,namfceksbjzuop,tZ7.67,zfsfbirssvtb
306,692,119.95,ovfxagcbculjiv,HPY.27,yeqjzlvkwvrb
308,967,115.42,quajklqswxklwa,cOq.37,jrlkybbgsicx
309,603,78.97,bfkbozxwqckjxs,ZDR.46,hfcecjqpopfz
311,667,658.73,niamxjycpgfvvh,zUY.06,eukrtguduqii
312,658,819.52,ziyqqzemlwrsby,qGl.25,xzliebsrrahm
313,38,606.86,cddcukojczfkir,IPl.86,zwxkjuwlrzss
315,23,183.79,ufhiruxzektcyo,Kzr.71,xtiwdxznklth
316,887,757.6,bgcrgonspgqzza,MiC.86,mfebizovdsqj
317,745,708.03,uiepstcrrunojw,F1u.93,dtcffxwdbdtc
319,372,392.31,mhnfqhtlwvghyi,uUu.89,oowfenlmwexz
320,688,696.8,wuotehugzzcill,XH1.76,gghcqiufikqw
323,58,999.01,bvmlxwevvnyggv,wAb.49,qquxwwnmknio
324,319,25.72,kooqnooprwtqdm,rMn.50,twsdoqjtrenh
325,828,577.09,ietldelfuqpxoc,IBY.35,ykkcgashzwwj
326,705,793.34,rnoqhvihmpoifu,WIy.23,uqpiumzyzkny
327,97,903.48,ffppfbqxpcddgc,GdQ.04,sdjgdbaqcrfe
328,867,478.72,zthfxxkkiexcnt,6in.07,rymigqehsgoq
329,769,561.37,yaxdogyfjytkki,6XH.58,vsvsgxmsxywg
330,831,389.86,qykgghamnkixhn,Ipr.88,rqceipqxcqpo
331,113,877.84,mvfepwyuxmgdrb,sHI.11,ddeakatefzfq
334,764,971.08,utvlynefuefnng,7Ch.71,zsjlksirunoh
336,957,561.19,lbfegltlcixumm,XX9.31,prbrrbcuecyo
337,37,469.11,nmamjymgbpxtze,zq4.88,vfjrpyblfexe
338,338,371.02,zsullztnrgknaf,b3F.40,xkqlfuvlrxdh
339,666,92.62,eoelflydcrnrca,U3w.49,pybtpfgngayf
341,192,40.09,sjsjpuafnxkwga,Ma0.22,qiwhsrsybloo
342,834,762.44,josvfcadjnmswf,NNX.62,kjwnhdlkgsxc
344,208,502.06,gyzwjcmutvmdxi,7H1.88,zefxwgubfwsc
347,346,968.72,cmzkisjifjiqdo,YQT.07,nlimhdguffbz
349,141,391.54,ulogoerilxsrsy,wPY.76,pdgbdmxasidr
351,490,296.13,otawpvpfmuhppo,QDN.81,wmcfxoyjwsep
352,570,418.94,iskepmhgbhctjr,3Qv.63,niyqznjappoj
354,114,958.32,vhbjougpxfntza,s6B.45,jrrlpxorsmvp
355,728,89.61,yazzonvtbidrhr,BBR.58,ubvmlbtlbtcq
357,93,446.52,weblzinxvrezjs,Wb4.56,vjzsnxvxnqnf
358,394,590.17,worgttvvxhsnyx,2Sf.53,pjelaqfonlbf
359,718,480.75,ejzppixebgofuz,b7v.62,eslirjcacplz
360,596,760.02,jxmelruxvayhzf,fVp.23,ksweezfvifjm
364,557,473.4,pnwdmgllcarmvw,xOm.87,nuxtpggygojm
365,500,937.85,billtqlztjcbxj,yS5.95,lgcpzzcixxth
366,828,106.17,ywszdldqhbgvao,FDs.58,qnhetoyoqgnx
367,621,351.14,itotpyitjacmpz,f7B.57,rkcdthshkwto
368,571,798.75,teqwshbqhdxxlg,vfy.36,ewzzuplevbrj
369,49,420.28,btnvnombxrftvr,ESu.43,agpflmgqvdnn
370,156,383.73,xzkwzxzsogysdt,Nm0.10,vylptarbyijo
371,921,466.83,kbxwxyrhnvuvtm,KO2.29,luvyuqoiyyws
372,25,145.51,zqyeorrjflzgqe,cc9.35,tnbbhegmdsur
373,999,60.41,ussotydprswysq,iEp.92,zcwbdcfvhbvu
375,668,303.34,pfofqdbqrxkioe,ucD.70,ztkwyeoxfuvd
376,259,558.97,buatswzcntwyyu,pnL.87,wofvdefqtmue
377,549,80.34,qdpqbcdoqbojzl,DCV.79,hlbdgwknmbvr
378,900,519.96,owykpmboyaplae,InZ.07,wfnezfpvslwu
379,511,210.63,xfbwpfggspakpp,VDk.05,lacfsvukancw
381,414,99.07,vvtpzhtmnozces,Hng.80,sgnptqtbourp
382,252,863.8,yoccsoxafatrao,k5A.71,omasglumvask
383,22,130.95,mpvjggxkrtuxbd,kA3.25,sgzbaglardwp
384,340,801.04,jgbiglghiyvbpg,BDQ.96,qwljmpnuwhns
385,355,250.99,utsynumbngejbw,xys.38,lnzhbfjlrduj
387,971,853.44,kandzuahpclrge,fsf.54,zcchubzathee
388,349,321.05,dontnzrcxrnjvj,3aR.25,hgystmowrqbc
389,396,890.58,dyicbcgoiwosdo,RPJ.16,yrmvjduvxvaf
391,485,915.97,kzqlqylopcqbcp,BAp.19,xueluvcahgwx
393,713,864.71,lpghjovgimpsed,PRr.36,epmzxgraqabo
394,620,215.35,jubqhmvhzygryf,mz2.77,srckcstvbzhd
395,453,889.77,jvpuqbsfawupda,p0g.65,qfkacesivlih
398,93,306.69,klvpfsezcziuuu,1Vt.95,xquncemnovpl
399,849,920.23,rxboapnhuswnkk,d7P.57,miygypgmoval
400,663,413.19,vjgyfsyohaqlzh,5jq.69,uanwalwmnawk
401,686,242.1,ldaqhbbscymalk,bdx.47,pufrkbighkis
402,265,778.99,tqfyrfidpmucns,mG4.47,lfbdmxchbigk
403,450,811.95,porpuxxejvkpxa,aCh.70,svvlgdbfenkh
405,380,196.17,eypjoermwfomre,zSK.62,ifiuvtizvqqf
406,941,660.5,iasgxconvvaojf,9bo.97,qoytlcvrctek
409,351,455.05,fxevgvqoryifjn,aop.92,gjvakxlqwkkb
410,491,523.26,aaklgryzpsttsz,dMg.14,sgzgimkkuaru
411,818,897.4,fcxlffvnylqigt,brm.71,zvrcyiejqbrr
413,999,297.4,jrybjjrtpxkkcu,OiS.56,rvukguslsful
414,636,482.3,vlbrhndponjgsj,Dfr.45,bwhwzqegxrpp
416,242,463.19,tzqggnmybewams,ZmA.16,clcueohbivni
418,498,885.55,cmydxyqkoyxbzp,BDu.31,llrgwyiaayka
419,501,240.5,mzxlltjqsoypbg,DE8.81,kycdjbhmrnuq
420,520,514.41,yeiolkewglrmfq,FQv.16,dzkvtqqcpujp
423,828,707.47,biukveinavmxfq,wfc.97,dduhpsuxpows
424,585,917.38,pccvexovrlyfzc,TaZ.72,vmcfmtawrmuf
425,9,664.33,ufmqfbqonqqfuc,2aH.44,fzhqodysmtjf
426,645,719.64,pisaczsknsorxe,QNM.44,rdqmrvwqwyfm
428,47,152.13,rhbluqunszruku,sUO.55,smrqmdncytkb
429,851,980.45,geekenvhiwrcqs,Fz5.50,jfcafatoxdqz
430,248,332.91,bwiprtdqteelfc,l08.98,mcsclrxkjmzr
432,798,92.86,uibfzcxhzvgjqf,7ab.98,alifqwtyfsxn
433,919,327.97,yvuqkioqjvwmqk,YiO.05,xklqtqgfhyos
434,511,195.41,gjynnjftnggzpv,db5.65,bmxmflfdvhuc
436,752,421.05,naanhyqkdnmiei,vSh.28,vdygpzbivnya
437,977,721.22,rhgxyjlsmzluyg,k5H.54,uxyiwcfatmln
440,592,880.3,ccssywtzajeaeq,NgZ.97,ivitktgkmfxo
441,528,971.45,pgnjbgbcqxaxzc,fVs.99,ffkkshjhmjop
443,301,433.66,szevgpyslmeoip,PwL.59,inviaprlrpfh
445,726,696.56,cfnrxuiixhdecv,5rs.91,qqkyatmghkfh
448,750,933.6,gofzxnmkxgpiif,zCE.86,niecpujrbhxo
449,862,912.71,hbcfwblwidkpih,5ZH.58,litpajdqqfnr
451,971,246.92,owxxqssbcgoihm,mi2.34,nhnxmfguhoky
452,305,98.72,wirxdjdrsberzn,iuP.75,bssiszsnqlqu
454,695,872.6,runiskfdqcwwry,WaL.07,rwxktguvkfcg
455,577,650.86,pibljbbgfxvhks,9yf.28,xtokpdzgpfex
457,647,939,aayrcsxxredmax,DaT.85,ucmwnsrtslzk
458,358,867.03,gvdkpztslcsnfo,oU6.33,xcrjiscojcqe
459,120,749.16,vlhmbsfczhqzzh,R0S.71,hdzmxxjpznnt
460,289,96.38,gmdeilesouaptr,IDY.45,cqkmiajsuojq
462,938,924.29,qylteylwussvpk,0vr.81,yvxakbkcflov
463,434,251.44,nviuopncorhjfu,tlN.58,glirsxfkfhgq
464,399,296.55,jhdtdxmvxsiswm,4sN.54,rcscejpkkkot
465,362,788.93,hedgamjgjtggjb,ezs.92,lsmqvaollkhe
466,599,198.24,zeoeeflgatfxal,FWV.93,msmrwhltvjmf
468,263,521.65,oardfzcnvihjkz,Puo.45,tsxzpvsrcegk
469,866,497.09,dmtkjrjqxiinyd,jpb.04,uwgmurildsmw
470,276,35.58,qjumawwmpefcpq,pC6.01,opypbvqjudgz
471,193,649.08,wheryruqhyaekm,FAw.95,wjgwhlgclnwr
473,930,843.41,pcfnflqbthogez,JPh.80,zlvnyngtxxfk
474,680,446.15,ebvfsskyoqzypc,s99.64,hgrvgsyopdoz
475,613,183.21,zentxqdjobkipp,84E.29,akkwdrpnzjjy
476,354,18.83,yclbgzbzpedpgl,IVz.09,onwpsulbevfo
477,183,353.01,zbubodmbienomo,k2R.69,plbzfkmkkjax
479,722,734.06,djphmbitroioat,ey2.51,vbxhztdpcqlk
481,308,851.8,tkfxjkdhqrmlwd,h2H.25,klvjlxyuucob
484,698,746.94,rebpqmkeupgsxt,ENb.79,urontjssmlcg
485,385,800.85,okrvyqtewfgncu,RcA.78,gflblyzvycah
486,183,464.07,uqqtacnqzbclma,G5F.05,rgfoiwwnprog
487,414,905.83,hkjiysczptldsa,gaK.33,mnmbajoiuwpe
488,932,730.27,rzyoixjuqzlpme,6Jc.54,onuhjphpffss
490,714,153.06,hrbzeugeionxin,cYD.80,jfmzdtophtyh
491,407,835.88,ebxmwhiwzblvxz,DiH.93,jsgzerzpikyg
492,961,793.69,brbpzpqfsxtiql,Wby.37,shazngynxsxx
494,879,430.11,xmyxfbqgozpsgm,yie.68,qkqkylvrvomw
496,97,424.15,dahbxpyriadmjo,0Cb.48,phzfzaepwfqh
497,389,857.29,sbtipceezzuinf,bgC.65,iwxxlpsieivt
499,784,940.66,klmozhaiysggfo,bSZ.49,akjpzzcaywha
502,782,433.21,nuebrklegeufcl,fFE.01,dngadsmnocpj
503,982,688.82,hrbusnekkjsjgp,Sqs.61,lwovwovlbqzs
504,161,784.47,vdxiulfifkthlt,MUU.70,utdwfxbhlaie
506,845,166.66,ceazazwettbgbk,Q1Q.47,pqvdkbtumsec
507,437,128.49,jreybbqkyiknve,6fY.33,sptxduobdvcm
510,649,105.72,atiryaklorfvdw,2rd.41,tpjnyfwwebwi
511,324,595.64,mebblvmkesaxwz,uKG.17,kffrtpmygsza
512,471,990.6,nhwbnkspruiner,VIz.89,singdezooxky
513,900,365.27,wjvwusypzizwtg,8lE.49,uabyinuwmxic
514,35,866.45,egdbwvdmlcsvsy,AEO.11,boyalsobrdzs
515,753,467.88,daipfleiqsgfeq,GHr.45,fjyjkxjktfwd
516,45,328.95,hyuymyofegyyrl,Q0V.11,rwnrxsueuxoz
517,971,388.81,sabjqqkcyqpwsn,YdL.24,suwybqebqkap
520,368,162.23,hhyhsbyshvfxdf,z6K.08,yiwcqppefiup
521,444,828.24,nztvtmdtqcdnyl,DY4.27,uukubgkefyzf
522,188,514.4,tsnvdeqfcuqbar,7XN.91,xwhicnqucogg
523,210,664.48,pvgpzbdowxdfls,Yad.58,awdawecpmmyy
524,899,267.76,gxaoohjywxnjcj,YqB.11,prjpvlwdlnws
526,487,927.8,yjzwmposoygvsq,6Pp.08,bwtdnpdnouer
529,402,703.71,mfosimgcxcljnx,Xr3.29,kqclgrtmelzn
530,46,263.67,ioqgyfvdizypxj,743.16,zufpdqdqusqj
531,694,825.34,bbsdbazsamldlh,xu1.97,jqoxpfevpjps
532,687,818.19,yaupgssjtqbxjw,7NR.69,qsdbmwxcgqsj
533,253,381.69,fugwjdluiqqons,otC.57,eawiofgjtted
534,151,346.53,qfkorkpzmonqnd,i0S.91,gjhuofofpgib
535,283,176.97,hmovpmdaefvmer,jeP.83,ipstkinyimii
537,53,701.02,mvrsomapnpfjtn,gWG.27,oxicsjptxdnz
538,146,992.17,cvbjftvrusfpud,Xa7.74,ocdgzbacgdfj
539,592,950.63,cjjhjygyuqdtwv,mBG.52,ujthnirkrugp
540,566,345.34,zhdbpaemweuzpy,JDO.24,idporvcwuhid
541,712,71.88,brxuouyuahzwky,TeA.34,dkqbdwhnowbg
543,50,877.02,lpsstbjwhofabu,gMQ.12,wjhtrcdveoud
544,260,753.04,spequezdiepeyr,LCx.46,oksskfdywdmq
549,527,273.27,iupnjpdrktuzjf,OxA.98,jcnpnksmhvrz
550,555,861.44,fartvpyztpqnfe,dmA.29,ighzvmypyesu
551,702,169.81,euloxgpkdtalmg,OEo.72,rjktcqqfuxfs
552,244,896.63,htktzzqxuxwgdu,ztA.04,xefrjkmvifxi
554,131,564.98,swrhamzdqzsapp,3HY.40,twvklanbsgqy
555,78,300.7,cueshpyvvfkzsc,4E0.19,xskrriainrdf
556,982,648.68,yixzwjockgpygk,vRu.98,obnfvzyzkdce
559,904,72.24,fjdbioqbyvfpbj,pRe.80,tnbzpcywbwcc
561,259,518.81,qhulitaebdoouq,BGI.09,ycrzxyjepdhm
562,578,517.42,kvgfymeakgurvc,YK6.57,tnaqfuebsmvd
564,930,140.6,qjjrqfedlzlrcf,6hE.88,yttljwkyvujg
565,701,72.2,oyixpfzagoejrj,xN3.25,yxvhpjsigcaw
568,293,311.74,tcpgrobwwidozh,eJM.71,gucfzisyogaz
569,988,645.86,tfutygvlkspeml,Bc0.62,ynnfclgrmrqj
570,822,111.56,kbbppobsfgltlr,PMq.25,jfcizcnnvqcj
571,485,970.12,czvirukzrxcemy,WSO.12,qnnvjomhjuzg
573,415,796.24,frazinskfzgrmj,hlI.16,cvsmvadukgql
574,739,317.73,ktbmadbwfkbkex,qMB.56,rtuwwpfzfech
575,643,74.04,hnoqaigfxnarbh,2x9.81,sgmqwbxsxvhs
578,516,932.84,xvuindlctzgqwk,T6T.41,fxwxqilwhljy
581,437,201.46,dqpkchfftfjkto,vXv.34,wklcqbcdjyii
582,143,196.38,ftaqaudiepzshv,cbp.67,mowavujmrpzq
583,573,789.28,vrtunlhghnlgxz,aLb.52,nofcbvnfiwtm
585,843,880.19,ekvjhbgbbmijuy,ixV.12,qlmobfdzeizx
586,408,299.55,eauyhlstqsjsak,4YI.83,aldnrrmgmwtj
587,263,296.15,hdjrkgflkrvwcw,bFe.85,hnhwqgojjfsd
588,40,100.2,huhsycylminyxe,hmh.17,hgexrvhisqmp
589,512,121.52,ldhrzfjuwrtqmm,A2F.48,uoolhfxwqgom
590,897,515.21,sonctbrtulkdeg,2GJ.53,njmvjvvhmvug
591,931,198.2,gftzykislirbwj,qEk.95,sdfoyomedrhc
592,702,385.63,admsckbawuprcu,ZoY.67,ektacftgpvof
593,131,924.94,fcbzvwkhtpnlqs,Zjp.29,hfstwbkqbfrc
596,690,110.58,mayecmcyntaizc,9lC.65,rdqqbrcebhkc
597,478,630.61,lxhemnzlxhsztw,iCw.99,racpwosyouoe
598,305,156.27,sdpccfodhpnumr,zOl.25,moahjivknnlz
599,73,991.45,begseneiovkksl,hYo.43,thbnbjwubdns
600,949,562.9,yuzwndwwjsllpt,o2k.12,iheagkegaxds
601,850,740.22,zccymlfftzupqk,YM1.27,fvemzddahzbg
604,204,816.46,vgauxgfbbkgyty,KQX.32,fmnpsiytsffw
605,567,80.77,tuqwulmgosbsvd,wBl.78,dcqvnxbswpcy
606,548,378.67,rtqiogslrgixoi,qoa.69,rdbioaqqxapd
607,491,196.29,cczztnsqvrmsbl,dmQ.50,gpqqndvjcorh
608,495,98.17,wvuatgbaqokudf,Kt3.42,cvtdshetjucc
609,634,840.23,mkokdvvbjtothn,iQt.40,phyjvntmycij
610,317,387.18,mfcyanjmtqjoge,iX9.96,xnqjiqtyhohe
611,715,299.77,nybqoisldkifsp,Zhy.50,ceqgkposxnin
612,946,940.74,ydywxpdxeqjcow,qAJ.23,qtrdmfbizzeo
614,883,47.13,vxmvxdueextdtk,aGL.43,xxvqcyfqhfkj
616,707,697.52,onhhsivojhppis,oyF.47,pdnllpupjbpf
619,471,691.34,jtkfybnnauqnhc,QJD.57,aqolbwyzjahz
620,900,292.76,czimblaukwxacn,nrG.19,qjpsygcmhibz
623,937,771.14,dhafcvacldbvrc,eRf.59,bfxpawvsnnct
624,407,369.43,awqqzyxwkglyuu,fYZ.60,nuywfajfagsr
625,469,727.17,pyqrigbuwtupfr,FaA.92,bjuggzvhuoir
626,774,17.58,yzcsygoevzdafw,9Ch.15,faslchxsdajy
628,734,406.73,pbarrfheffsnnv,McO.46,mtkpdnrbujmf
631,33,295.41,vevlmqqbimkcqi,9qh.16,hyncvwpnqjxi
632,561,839.06,jvhkyljjnpukac,kAE.17,wxfcnkwicama
633,286,63.53,jgpwhixbmgoagb,jqf.70,vvallsbdenzi
634,848,274.42,kwponctdsjtazs,YgN.22,uotimqivixrx
635,393,670.6,wkalyuxpmkhhdc,RLD.80,fprpswwjxncq
637,963,670.5,khuucvhnjjwtcj,u2R.51,zblbkmtscoky
638,603,440.2,jjpgmtzdzajlmm,lH1.59,kjsfrjyoahnp
639,82,584.4,cdgchcrcpvzfhf,alB.29,eeonpqbpbear
640,339,525,coobzpdyfmdqkq,EhL.35,wdpocduxbzou
642,322,604.17,wmnfjiyfycqmsw,sAY.51,svrwpoafdmqu
643,203,375.87,kwjrgjnssmtlxs,sDq.51,afloazwjrhrh
645,328,417.43,ypszwdjmocwjev,xCr.48,xcsfhdmzxzqh
647,344,470.43,kyppevtnvvrbtu,2LO.82,ioeblaitzpee
648,987,115.2,cfclriecrghnbc,bjs.98,czgjuwcgtjzm
649,869,180.9,muwwtmdkhsmmdv,HT2.40,tcnmqvvesiao
650,744,787.55,sogduyykhpdluh,w09.35,mnwzlwywagik
652,378,283.39,obttlfkrxuyumj,PdH.64,conqxrzskuaq
653,80,771.09,crntdzyolxfcng,ecu.48,xjmrvjfthpop
654,446,541.54,modukqdcqbpzir,Pew.01,cavjemqwrfsx
655,16,995.81,egwgwzkgbmycux,AyO.83,dbjlyeybilve
658,803,811.81,brshyyrlfwbofz,rcQ.32,lvseoamochfj
659,980,825.68,xqyofpumyursay,Wvy.96,aasxbzyjpzor
660,71,245.14,zmbiolrwpgxwmx,n6e.76,acbzaxsyhjvl
662,494,36.31,sjpphcslbhtpbt,rhR.33,nsxrlhxflava
664,942,671.34,gnfnniddvazuzr,s7G.23,nhwzwigyjamm
666,636,32.29,zbdbvwzklbdaqt,ACS.82,ovrqclubjnwk
667,384,880.74,bdjxtlovislwev,Q1J.01,rvdwhbkuptqj
668,346,425.63,xpwnofxdjdhifj,X9G.24,orhnnlnycofm
670,527,760.52,djovpavwfauhtz,odO.55,fbvqdktgceap
671,861,132.5,iaywvtvcevyytz,3eR.40,txgpqdsktahs
674,425,176.42,whsnwbrmdzsbdp,RzL.88,tkczxirrawnh
676,804,247.81,yvjonvjdommllo,5Kq.57,mycuzfxycsdd
677,408,405.37,uznizkrzxtokya,8yg.73,jgelcjhbopni
680,886,228.15,fcpcxderrkvxma,VyH.69,kqdougwbdvgr
684,265,15.38,iuasiqzplhiaqa,xOp.15,ixefgchtrjzw
685,996,490.35,brbzfzqqdbqpxd,tPi.03,jkattmhftkhd
690,572,382.75,znogwsglozlyko,TIw.25,unxeuhoyxtfp
692,122,797.8,eagervyjzdcggy,55o.87,vcibbhcdzauq
693,445,552.23,qtqyxewczqjuqm,AJ2.10,xzojpprwwkng
695,297,771.66,koocdtfsngbcgo,cL2.95,jfpnwdoclqmd
696,940,731.49,iafbaeujiecush,yls.40,caqziohfylgg
697,563,209.4,ulkrqmqhwqmhyb,80k.52,wkyobvkcxrqu
698,942,384.04,qwbdinwufyjnkm,365.90,shxrtzwlrckh
699,514,71.1,vviqrycchlbbxj,NjH.00,hjklllgloaik
700,788,65.46,wirvxldqalaifw,Ezg.02,xjffsijtdpsc
701,607,461.52,wgfwkqsbrwnsjx,eBa.76,fkrpfefrvibk
703,851,509.84,hamcqwbqnkyrog,MOf.33,kkjctdgbixcm
704,835,335.48,qpcbffwhkahypw,WUl.86,ddimkzrzximr
705,692,291.13,tiyoiebteukvtu,YZR.57,coodjmdagwcm
706,145,710.97,cewpxvwfiogppc,gic.26,mkuwppvjrjvz
707,433,990.88,adutptgvfsydek,3x1.88,pcqxdsmajjpo
709,326,840.47,rwwtgaquyuqzrc,Ciy.96,bmhyrjleqaja
717,38,645.26,xhrkretfkbihcm,6xV.84,yjctgyncfrpa
718,783,699.26,almxxizhvetifk,UlW.33,aphlsefifnhs
720,273,419.29,eeyjyptudcxrze,mzQ.48,mldgvydcewzr
721,997,489.45,oormqtspmyyfad,uef.27,lqycuchfcssg
722,33,271.98,pytxdgippxauod,1tX.34,ydrhsjeodkpf
723,289,488.7,egjzbeklkkzrub,q1u.80,cslrddugvrat
725,60,754.84,shnnlhhkipxetb,dF1.28,zmvwbffhdgbb
727,647,898.8,aulvfyoskispqx,i81.02,hxegotdlaqgf
730,373,415.37,txvxsrdlbltprz,xTJ.21,kutfrquylhjw
733,606,863.25,rhhpxfzlajqxgf,MZx.46,cnjjnsfufaum
734,34,189.66,ouodrzboeigpdf,ARe.17,ouzjfsoxqqlv
735,241,174.49,ngvmliaenuhvbe,pOm.50,xacwpvbhovbk
736,968,319.61,qnbmtssbovcxuu,05a.08,lmhrkphuxvhw
737,467,937.54,tjlqyyppgvurpr,OjN.41,tjietiulbnbf
738,302,903.19,xvaqqrxzssuwky,lSn.46,myavgyvtpoxo
739,664,322.65,klnistymyeltqz,c1q.31,zrohmdozrgxy
740,404,99.69,gohmctefegfptv,7F8.70,yjvbrvwrmxzk
741,775,181.05,gbgmkbadsdrmxb,K7p.35,redlovoeqbtv
742,72,327.75,snqhpyfcgshisw,tdB.63,styktfcotqkr
743,574,460.46,crivphvsgxiece,mjO.92,nftpgtenueub
746,482,430.96,cuaewoykuybbcg,qFZ.86,jxmkvredhkyy
747,258,192.32,mhgzpdjgifstyp,Mgu.53,xdnlnxsyxmdl
748,347,924.86,zzstpjbbgkszgb,8Ya.18,ezwdwmncemoo
749,208,254.91,xuthdwqziduebo,qFo.51,aqvryhpottyj
750,883,520.1,ujrnocwjlwclvj,ux7.12,ghwvujweljmf
751,930,227.32,yniaqjncxapjff,xeN.56,fctjrrmjpsau
752,762,947.23,nlgzmcaunkhcub,02V.10,oezclnqjnglu
754,755,994.06,wuozftuhsfvugf,7nf.81,bdixscokqxad
755,61,843.37,emcrwtnrxfstvz,7IZ.53,jnpbpbnvuula
756,478,989.33,ewhpkmfxxbbjeo,giZ.32,kwhuoyftcrpq
759,448,214.02,rquzlgewnfrqwj,hCz.91,tslgkqvxnfqx
760,731,823.23,wxbyqoxddhiblu,LSx.64,vydukpvgyvvk
762,128,152.54,qvpijoinfgskvm,IEH.36,sroqgrjernes
763,134,111.72,elfqykolecavjx,GGS.26,jragkaybffaw
765,50,743.94,derwfujlthjcjf,8pJ.62,iajlhkasjndl
766,662,175,fdydlxisowouef,HxU.38,otssizsbnjjl
767,549,216.44,otkwzuvsrvvage,895.32,ajwvlydvfikl
768,653,455.45,cofiwteeagxybg,3ax.99,qdjfoondwdkv
769,175,169.85,rlivzadaexjval,49G.90,oazcbuwwfirv
770,8,968.05,rkuxzoglfjjlzk,hsN.52,dchoezvfiott
771,363,148.87,mrjolftkqgvwdb,OQB.57,wnipwxcllqve
773,749,845.55,gqkyzlewxkvlkj,QId.80,cqjdeqwndkfu
775,742,640.41,ksrijoznxzykdh,bYV.13,puxincyugbvm
776,693,399.3,hocdhrqatzggue,Y2z.84,oiieawxuormk
778,663,227.99,bzwplyqlllaczg,IzB.15,zkxnqbgfdiyt
779,789,72.66,pxmvcivjmpeemd,dOZ.98,tbjbafesuasf
781,191,643.14,vstfstebbkjwpd,Qt0.08,dtlcrcfwltgs
784,162,663.77,inxwpoclovkxqe,cWE.96,golbyzzqyoxo
786,303,529.9,ticpnreuohmvti,ksn.96,nimlatbkexix
787,506,10.35,qtsmylszynzwea,kV7.23,fgnvrobqtkwr
793,201,752.18,hyqygpjllrmzvf,nJl.66,awcrfzoibgce
794,599,164.42,bklddedtimacfr,Cm5.82,ymkwbbqjlyds
795,732,435.41,sewvannodqgvpx,rIv.18,wypmdalgsxnp
800,844,377.55,jktthflnpimdnc,HpU.73,ygewvjuyhkwb
803,830,788.17,cxnwlghzoubodk,bRI.98,rpmrcrehbyji
804,647,130.92,jinajatyuwxefz,9nV.22,pgaviptugngm
805,61,162.64,xxxlmynkykqwku,z19.78,vyidyhtxjqsf
807,132,582.99,bgzijlfwgmujvz,HaU.38,cuvusfdehhjx
808,740,680.81,lcnrasdjcxkros,kkw.29,ukcwlwmldibk
809,175,163.33,gpfyniayvhjcbo,fYK.37,tvqmpxrmzfik
810,192,647.2,coolgbmzzzlpys,QkK.98,vsklaledgiul
812,223,224.7,ykomovmbztqcxq,fXM.99,heykxxddgcxp
813,55,333.3,hrusnsagcepken,QQY.05,vipquyyfgfrm
815,765,715.46,cavpbkvajvibww,9Un.12,gsfxgyhrtiwc
816,741,779.38,xzqwozzqddbwsa,U4w.35,bhzyoaetoasw
818,463,637.52,smkopxdyiigors,AQa.42,eulnuddptphq
819,279,969.83,pssqhgbqsphkem,2hD.20,yxfysrbsazlu
820,64,127.26,xlfjyeqcekrpgy,L1W.29,qlfwjzyyjclq
821,627,944.84,qhkufcaslzgogq,KCy.01,hybknwxivjjp
822,967,854.27,gnxauqyzrbgqgd,5iw.05,cbtqwmcifrjd
824,906,773.43,ynzqfqzgoefvcu,jk6.61,hcruqdusmwks
825,715,218.17,nypoyoyjdmjnom,Fvv.60,umryehznuppw
826,9,579.68,njntkjpertmtab,GkF.81,uiusboizwgic
827,981,885.89,cgexcmqprxvrzh,b9o.61,hcuhcvfmanvp
829,528,987.21,aoritpckbitqct,nXi.49,iycjgxrwtera
831,563,76.43,hebyfaqxqubsmr,ZlP.12,bbtcrmebiuac
833,892,723.08,ezunxdkhueumwr,KS6.06,hwgiujckzxsk
834,163,908.49,mjfugqofmyjzeh,AJm.13,kiflbalaxdry
835,960,631.16,bxcdwuzcksjyij,rKw.50,zvtgcgzyhiqm
837,118,576.02,sioygceditsmjf,pWV.87,urkuywnulosk
838,950,477.51,ovsezgrrcfjbqi,68r.39,ofwqfyiphrrb
839,697,1.79,vpbxcknpsypltx,69L.75,bujlemhnmawk
840,262,577.18,glexkmilelxlcf,1VA.03,attxppcmmwbu
843,965,269.14,inthpqchajnoni,n0z.68,epmwmfouwzqg
845,955,41.47,rsxnlpxbqekckj,zqq.76,dpmpsmvdqmae
847,580,255.51,xpiifleeiyduzd,9xe.48,ofwielyqtffo
848,663,225.65,yxyvvpfqibvjrg,73f.75,llrphblbusyc
850,949,687.64,qebakkplxmmppm,45c.15,ajbwbbxgpxll
851,289,603.29,nhkoqouaxcirci,Zp3.25,dphuufshxdwx
853,915,85.1,dkqeoejjtcuffr,49N.42,sbinccfvxvtf
854,265,937.96,gkkskjlfqowhch,tpL.89,vcclwwoaykko
855,191,848.53,faxtykkjmrtlid,x1h.42,srcuozmbcjal
856,872,794.64,ehwntwvphohmmi,zUE.87,yrtgqsaohxxy
858,315,440.04,kukcpruqhxzvav,lyT.11,jmoymlfgjzpx
859,122,728.08,xnicawbsdjjsev,A24.94,lzcuaknijdyc
863,958,43.1,izkxqkrgmagaip,jKK.56,gwckkxukbxbr
865,411,958.89,lbnewnqycvdcxr,alI.06,ehbdwapnhjmn
866,203,452.16,jfbpkknppfrfam,qIE.76,bccyzhlnaubv
868,236,766.27,fcselgnxywqwxu,lLd.63,gqkdunfivezh
869,473,289.25,gsovamhoivqoor,mna.81,jtunwyfvoqyy
871,825,932.75,nppsqmefabjqql,TIn.64,euxgawzampkc
872,599,42.46,qzabiegpycyjjc,MJK.36,oitukcdykvuq
874,169,669.62,boadcbwsybwjzv,ySt.67,ujzufxpbhxrb
875,270,878.44,twtifqslephqgi,7HW.42,oeqvtcbtmzlq
877,474,610.96,alafuavzukqosb,Lpq.23,kqvaebsbojnm
879,374,498.58,ceomnjrtozsysp,L7b.84,toeocuxgoblx
880,671,851.94,ovjptxsulmuixr,nct.76,wghatbbygudm
883,429,514.98,rhsflmnhhpblox,Bdn.58,dnzbyjtyzjbx
884,594,812.12,srgixwmtonzxuv,IzT.98,towjrvmglkzh
886,134,19.57,oeaumcmkztkdiu,Eeu.77,lphemogkfmid
887,760,605.07,yxkemkmuywzpzz,xtz.76,tacytdqxkhpk
888,913,289.4,uedlqvpslhhxsn,9ZM.80,qeqkbhbeoxad
889,782,549.79,qzbmqmqvsoinkc,0rw.49,phpcbvvtcike
890,867,927.73,ddiioxbtqpzkqf,DDF.65,rxyfadcjmbtk
891,594,601.48,qviupxpkwqetsw,RbT.71,spcgqdtdsyxv
893,924,493.96,ilzyjlnrkcdjac,RU3.46,afapymvkyeuy
894,470,887.02,xnudrnzceiljdb,q9G.20,sblnnwmjfhjd
895,197,277.47,rjoczbdfzwsmyh,gwG.76,byupcwwdaqne
900,39,967.01,cnehdvyyiuesgj,WAz.77,yuktphyympfi
901,960,584.48,zpknnnqbemvkhd,V65.14,wsadczffwwbm
903,899,311.5,xryskzdfldovaf,C0o.98,umxsygmqquhs
904,310,262.17,ykolehijbjubli,zW2.99,rnvjhemrahnj
908,638,674.65,dngynwdjkufyzy,6J0.16,qqumonxkblmr
910,178,477.23,lwzgeffhyfewrt,9Jh.79,shpxmymezsvx
911,957,107.22,tfugxvumdflika,7ua.91,bvgwigpcabub
912,543,519.54,myslufvoflzned,uZB.08,cryinqmjupwn
913,692,943.97,tsiflnugmtmeow,KSF.55,dtvmrcczylwp
916,39,796.96,cbbjewuebdcpgh,Wfj.97,uwnnmpgjitsy
918,237,399.39,fkuhdocluxcgfe,0Xy.03,vpghyhywaxlj
919,117,823.82,vpjbftvwqwihfm,0bW.00,jftixbdhfxlx
921,954,428.13,pfvlawoavuejmg,rgK.98,dngktaimzyhn
922,576,731.52,ibdcdizfqaxbme,mrq.17,aujdaqvznubq
925,882,772.69,xgqrrepkebvjpi,c9S.75,earsqhwqhnxz
929,407,556.41,qqzvtijbodxwye,WsM.10,btxsummgzsnc
931,951,147.07,jmoyewowkwjtmc,8qm.20,chmrvdaddxcx
933,922,751.15,xgmwsixwhmydcf,R0W.83,dtwvzwaiiiei
936,876,153.72,vikdkbwxaxfyft,ZjP.44,zpbpxbnbzbml
937,391,977.76,dosptfczwxubow,chi.76,vntatxggccpd
940,52,216.05,knqhmakrwzyiaj,oht.11,jnuojqupyfmo
941,576,843.69,honfhefjffnvqu,JdL.10,diuelvbqroyt
943,769,341.45,rttsfntprerzyg,9KN.62,wosamyllzgdj
944,681,279.36,lfuwdclhhxxhvm,fWD.33,mgysjojkeelt
945,330,527.57,wmpdmtwschvqob,JyO.66,fgshiglmexuf
948,174,838.35,wrdvdufvtatxjw,FxC.00,hcwjxqoasbsa
949,412,855.91,ypkbczmtjmhgpl,uez.56,sbytdlqlqfmt
950,773,935.61,emrncdonpwwnyp,oCY.95,eeotfmiuvmsd
951,250,527.42,rlvdjyxeqamxfh,aiO.42,okqmpcihckdq
953,914,975.53,hwjiniapegpvdd,RW5.49,gdvduhqduepq
954,95,921.14,obqlldpqzqzjly,noj.23,zyckpopajhvf
955,667,527.45,zmtpgnpluqtkyg,cL0.22,gsawaplzozpu
956,791,970.83,prlxabiowkuoam,rXF.92,pfrnyhejbsqu
959,888,68.27,gfitedzrhkehln,ugD.84,qozpkmjzpioe
960,123,201.51,yhhtcestkzuaaz,2NS.65,gfomprmdtwnh
961,689,934.54,fvnujyhkrqpybc,4o9.78,ehdokpqjtxjm
962,603,275.13,tyfshlktjauvpm,TgL.94,sdaodcqiqegz
963,377,680.43,nabruzuthypuch,q0v.91,omkpfyymakph
964,689,279.4,noibdlmiandqaz,5C7.04,roeynuoauqdk
965,327,990.12,gateyjpsnekeep,4bg.32,pbpiwocyaxve
966,286,63.29,pfpynpgrpnmmev,ZvK.73,xsbkngpkuroz
967,286,433.83,dhfiyxatfohatr,aAK.42,sbczvspysflz
968,185,350.72,bkugmqbjcupcos,rz5.86,acixadoabcsy
969,497,655.33,niwcqrwwmvklqc,gDu.38,danfifpffbkx
970,934,107.86,xjifdtldkzjkex,2Lm.87,fdbugratzxmq
971,727,806.1,wabeblirieuvlm,jFF.52,dlqqjxrwlptp
972,124,883.91,wjciekmchqmrzw,X8u.07,niucsncymjfo
973,76,119.59,wlmfkxcgzwfzcv,8Qw.80,rixtrnqubzbd
974,475,77.87,doyyhocbakoism,Bdl.83,tzvlvpgdcxup
976,543,499.88,ukmmdocktlparp,tU8.54,lkysutoytmsa
977,892,681.15,abulftasteorfr,bci.37,gmnxcorociyo
978,778,391.9,dvucvjuslwtsvm,nqE.40,yhodkprdnjnt
979,216,628.54,cmjunkoioneoua,RlB.10,uphnbzreruwt
980,697,657.86,rdlxdbngqalxep,46F.82,eptdimcdsajp
981,682,470.23,jflrzhiuihqyfh,bgf.62,yhuvywbzooze
982,764,984.73,sonjyrtowcuybe,pYJ.49,yinwhvqkjuvr
983,791,986.83,raqezabogamgnk,dMS.53,psjnwpslzpkv
987,529,362.73,whbnowiofwiwem,F5e.91,jehyowyifjie
988,660,912.94,evyzckvtraccrx,ttF.50,dleifjdbirtt
989,830,55.11,kvlbyzmdrmaqmz,sXE.04,vxkreothizxd
992,688,38.01,aymudhofunmmhd,QXQ.74,wqzwpfdvdwkv
994,79,583.35,zgakxdixopqavt,7wQ.55,thsnddsknmta
997,167,403.6,dhxwxqanezxflo,0zR.29,ndsvhndztjvy
999,298,255.57,ohinheucttnqfe,LVG.66,lcgztvxryxhg
1000,482,790.63,fisemriuwldsbu,WSy.53,mevjupbmgzls
102545,72,26.69,ACTG2,2p13.1,"coding gene"
137150,18,109,ABAT,16p13.2,"coding gene"
167040,5007,41.75,OSBP,11q12.1,"coding gene"
300011,538,139.7,ATP7A,Xq13.2-q13.3,"coding gene"
601902,4998,31.64,ORC1,1p32,"coding gene"
601925,396,3.62,ARHGDIA,17q25.3,"coding gene"
