ID,Codon_afectado,Tipo,Gen_ID,Efecto_Fenotipo
AA317122,UIP-THO,neque,65563687,"pretium iaculis justo in hac habitasse"
AB101632,NQF-TRD,"pellentesque volutpat",89436411,"lacus curabitur at ipsum ac"
AB731273,BJC-KVL,libero,5317112,"congue vivamus metus arcu adipiscing molestie hendrerit at vulputate vitae"
AD086547,TJF-FFS,"fusce posuere",90959589,"sodales scelerisque mauris sit amet"
AD100104,RNK-XNW,"vestibulum sit",86379717,"quam suspendisse potenti nullam porttitor lacus at"
AD239766,AOC-PNC,faucibus,31726765,"sapien dignissim vestibulum vestibulum"
AD851115,GLT-RUM,sapien,85886191,"donec diam"
AD864501,YMY-LQZ,"nec dui",73970250,"lacus morbi"
AD954621,RVW-PGI,"nulla ac",70791784,"in lacus curabitur at ipsum"
AF572910,MSQ-PGS,"quam fringilla",38396931,"felis fusce posuere felis sed"
AF752388,AJK-NFJ,augue,96600714,"luctus ultricies eu nibh quisque"
AG948182,OQM-SJM,"sapien in",74625921,"rhoncus dui vel sem sed sagittis nam"
AI097640,MUI-VGO,"at turpis",61676479,"morbi sem mauris laoreet"
AI744203,VTY-DLF,integer,16907527,"ligula vehicula consequat morbi"
AI751507,QQL-HES,"pretium quis",28240421,"gravida nisi at nibh in hac habitasse"
AJ210834,RBK-OXK,"pede morbi",95475766,"amet eleifend"
AJ564745,IPQ-FUA,potenti,47141288,"orci vehicula condimentum curabitur in libero ut massa volutpat"
AJ576785,UXS-CTS,vitae,81891674,"a libero nam dui proin leo odio porttitor id"
AK466076,WVI-OCJ,magnis,91331461,"suspendisse potenti in eleifend quam a odio in hac habitasse"
AK791387,GVG-JEZ,justo,23876884,"mattis egestas"
AL067403,HPG-SHR,"eget massa",76437146,"purus eu magna"
AL401039,MII-MVT,tristique,94339330,"pede malesuada in"
AL759654,DHL-CHZ,"praesent blandit",99152562,"tortor risus dapibus"
AM225936,OND-ZHG,nisl,69841952,"odio elementum eu interdum eu"
AM839599,HCY-ICV,"blandit non",34232400,"aliquam erat volutpat in congue etiam justo"
AN880587,PVE-ZNM,"nisi venenatis",67024543,"nisl ut volutpat sapien arcu sed"
AO148659,YGD-IDN,"sapien quis",96673221,"ligula pellentesque ultrices phasellus id sapien in sapien iaculis"
AP889498,WOM-ZVQ,cursus,35675481,"lorem ipsum dolor sit"
AQ040924,KEZ-ZAG,eu,38100728,"morbi non quam"
AQ327115,UHL-HQV,mauris,87257624,"diam in magna bibendum"
AQ619487,LHC-UUD,iaculis,77947923,"Visceral myopathy"
AR006709,VJK-LVQ,vestibulum,16106833,"odio justo sollicitudin ut suscipit a feugiat et"
AS639895,ODS-WFA,"sit amet",98988539,"massa quis augue luctus"
AS982451,QML-CCG,"faucibus accumsan",75451023,"eget orci vehicula condimentum curabitur in libero"
AT551672,RYM-VKT,felis,14772684,"quam fringilla rhoncus mauris enim leo rhoncus sed vestibulum sit"
AT662623,ZTP-ASP,non,47059145,"donec pharetra magna vestibulum aliquet ultrices erat"
AT838892,YRH-SLJ,nunc,51489198,"iaculis diam erat fermentum justo nec condimentum"
AU348545,SWM-RMT,"cras pellentesque",49005124,"sapien sapien non mi"
AU904805,RQB-JXK,porta,54886356,"sem duis"
AV489631,GPG-VHS,"nisl duis",19682118,"erat curabitur gravida nisi at nibh in hac"
AV597922,VGV-XZG,"non interdum",27295962,"diam neque vestibulum eget"
AX527588,PDZ-NLG,"vel nisl",76096200,"in hac habitasse platea dictumst maecenas"
AX957314,XXX-ITH,vivamus,6536672,"cubilia curae duis faucibus accumsan odio curabitur convallis duis consequat"
AX994402,ICN-BCM,integer,72394794,"aenean sit amet justo morbi ut odio cras mi pede"
AY048099,UJT-OTS,sit,36027790,"magna at nunc commodo placerat praesent blandit nam"
AY667435,DGY-EFR,"vestibulum aliquet",24634848,"nulla neque libero convallis"
AY908427,NQX-GCO,"libero nam",4866838,"imperdiet nullam orci pede venenatis non sodales sed tincidunt eu"
AZ121520,HUR-BQK,phasellus,55924744,"suscipit nulla"
AZ413816,IHT-NTS,"tortor duis",20370058,"eu sapien cursus vestibulum proin eu mi"
AZ889696,WSB-SVG,"vestibulum ante",4556846,"elementum pellentesque quisque porta volutpat erat quisque erat"
BA472727,BNQ-GUZ,et,86953325,"vitae consectetuer eget"
BA858071,ZRN-HQV,massa,47969534,"vitae nisi"
BD219411,JWG-SRO,eros,52298352,"posuere cubilia curae"
BE314383,OPA-INL,at,33293650,"aenean sit amet justo morbi ut odio cras mi"
BG060249,OIS-IUY,"habitasse platea",82812015,"sit amet turpis elementum ligula vehicula"
BH477019,AEU-LPB,in,58414214,"primis in faucibus orci luctus et ultrices posuere cubilia"
BI400540,SEZ-NST,"pede ac",54027603,"ipsum dolor sit amet consectetuer adipiscing elit"
BI704238,IJJ-RJY,rutrum,36804046,"ligula sit amet"
BJ597919,WMP-AXM,"sed magna",58585836,"lectus pellentesque eget nunc"
BJ637682,ZCI-NCL,nulla,52565170,"eget eleifend luctus"
BJ921036,BOW-NDG,justo,601902,"integer a nibh in quis justo maecenas"
BK236183,DQT-UQP,"erat tortor",4718058,"id ornare imperdiet sapien urna pretium nisl ut"
BK316383,WLD-LUR,"consequat nulla",39998386,"nulla mollis"
BL017501,PFL-AJX,"odio justo",70787464,"lectus in est risus auctor sed tristique in"
BM042660,OKK-WBN,"nisl duis",83735518,"ante vel ipsum praesent blandit lacinia erat vestibulum"
BM802566,OAV-XQU,"laoreet ut",39650416,"placerat ante nulla justo aliquam quis turpis"
BM849468,AWP-COZ,diam,5775829,"amet consectetuer adipiscing elit proin risus"
BO583835,HUI-WLO,"ipsum ac",92497174,"sapien varius ut blandit non interdum in"
BP610890,BYS-NIN,diam,81151988,"nonummy maecenas tincidunt lacus at"
BP864177,GOB-QYQ,donec,22315376,"platea dictumst aliquam augue"
BQ427816,KVO-YIM,faucibus,81436121,"eu tincidunt in leo maecenas pulvinar lobortis est phasellus"
BT505318,SGQ-LSC,amet,67609140,"nisi volutpat eleifend donec ut dolor morbi"
BT847260,PSQ-QYT,"vel pede",19838935,"eu mi nulla ac enim in tempor"
BU453653,CMG-DLX,"praesent blandit",56303038,"laoreet ut rhoncus aliquet pulvinar sed nisl nunc rhoncus"
BU663314,CFV-OUO,"justo sollicitudin",41831305,"ligula suspendisse ornare consequat lectus"
BV197483,XVY-TAP,"mattis pulvinar",98273308,"elit ac nulla sed vel enim sit amet nunc viverra"
BV225259,FKD-XHW,"turpis elementum",95716906,"volutpat eleifend donec ut dolor"
BV994030,AEI-PMD,aliquet,93602747,"vulputate nonummy maecenas tincidunt"
BW107496,XKS-VUC,nunc,18294640,"in sapien iaculis congue vivamus metus arcu adipiscing"
BW196680,EOD-XLP,magna,98703055,"et ultrices posuere cubilia curae donec"
BW282314,EXA-NWM,donec,71215151,"luctus tincidunt nulla mollis molestie lorem quisque ut erat curabitur"
BW343161,CFB-FWN,"aenean auctor",14913334,"luctus ultricies eu nibh quisque id justo sit"
BX527881,BCS-ACR,"curae mauris",45009425,"arcu libero"
BX606517,IUK-COU,pede,37671186,"sapien iaculis congue vivamus metus arcu adipiscing molestie hendrerit"
BX992866,FBU-GPG,"in purus",93467596,"eu interdum eu tincidunt in leo"
BY123569,WUC-VXM,"vel sem",65116762,"lacinia erat vestibulum sed magna at nunc"
BY925245,NAP-YIH,odio,43415932,"erat tortor sollicitudin mi sit amet lobortis sapien sapien"
BZ244681,EDE-EXZ,"ullamcorper purus",58486811,"at nibh in hac habitasse platea dictumst aliquam augue quam"
BZ908433,PDO-PFJ,"amet consectetuer",66763316,"egestas metus aenean fermentum"
CA285932,ZGW-TCY,"sapien urna",10946492,"penatibus et magnis dis parturient montes nascetur ridiculus"
CB047632,SPR-YOT,magnis,79611938,"cum sociis natoque penatibus et magnis"
CB611372,EGS-VOZ,"ut dolor",41121051,"sit amet"
CC312109,KAZ-HES,in,69242013,"in sagittis dui vel"
CD133198,CACAGAC^(184)GACgacAAGACCGACC,Deletion,167040,"Nephrotic syndrome"
CD252222,FQX-AEY,turpis,167040,"luctus et ultrices posuere cubilia curae nulla"
CD328873,UTS-DXB,"enim lorem",7731409,"rhoncus sed vestibulum sit amet cursus id turpis integer"
CF000901,RVI-BAH,arcu,95201213,"tincidunt lacus at"
CK183345,MGW-JPV,"donec diam",34109748,"massa quis augue luctus tincidunt nulla mollis molestie"
CK193637,PZB-IUE,felis,94598602,"augue a suscipit nulla elit ac nulla sed vel enim"
CK331402,MXJ-KEY,"nam congue",5348165,"augue vestibulum rutrum rutrum neque aenean"
CK434766,GER-QYB,posuere,56167692,"nam nulla integer pede justo lacinia eget tincidunt eget"
CL999008,GML-SPI,diam,1694700,"phasellus id sapien in sapien iaculis congue vivamus metus"
CM053104,CAA-CGA,"Missense/nonsense	",300011,"Occipital horn syndrome"
CM090721,AAA-TAA,"Missense/nonsense	",300011,"Menkes syndrome"
CM101236,CGA-CAA,"Missense/nonsense	",137150,"GABA-transaminase deficiency"
CM110866,CAG-CCG,"Missense/nonsense	",300011,"Occipital horn syndrome"
CM112288,TTT-TCT,"Missense/nonsense	",601902,"Microcephalic primordial dwarfism"
CM112289,CGG-CAG,"Missense/nonsense	",601902,"Microcephalic primordial dwarfism"
CM112304,CGG-TGG,"Missense/nonsense	",601902,"Meier-Gorlin syndrome"
CM1211115,AGA-AGC,Missense/nonsense,102545,"Visceral myopathy"
CM137001,CGA-TGA,"Missense/nonsense	",167040,"Nephrotic syndrome"
CM143759,CGC-CAC,"Missense/nonsense	",102545,"Megacystis-microcolon-intestinal hypoperistalsis syndrome"
CM143762,CGC-TGC,"Missense/nonsense	",102545,"Megacystis-microcolon-intestinal hypoperistalsis syndrome"
CM1613414,ACA-ATA,"Missense/nonsense	",102545,"Chronic intestinal pseudo-obstruction"
CM1615168,CCCTCC,"Missense/nonsense	",137150,"GABA-transaminase deficiency"
CM1618630,GAC-ACC,"Missense/nonsense	",137150,Neurodegeneration
CM168356,CGC-CAC,"Missense/nonsense	",102545,"Chronic intestinal pseudo-obstruction"
CM1714562,TAC-CAC,Missense/nonsense,601925,"Rett-like syndrome"
CM1714685,CGA-TGA,Missense/nonsense,102545,"Severe intestinal pseudo-obstruction"
CM172480,TAC-TGC,Missense/nonsense,300011,"Motor neuropathy, distal"
CM895443,UTF-GRC,etiam,73942390,"odio odio elementum eu interdum eu tincidunt in"
CM942029,CAA-TAA,"Missense/nonsense	",300011,"Menkes syndrome"
CN934934,XIT-MVE,imperdiet,29223620,"pharetra magna ac consequat metus"
CO562281,ZYL-WMU,"sollicitudin ut",3206998,"convallis morbi odio odio elementum eu"
CP644154,UBJ-DTI,"nulla mollis",17783994,"parturient montes nascetur ridiculus mus etiam vel augue"
CQ287278,KHU-WKO,"nam ultrices",49000256,"platea dictumst etiam faucibus cursus urna ut tellus"
CQ878905,KRM-EKM,vestibulum,58465685,"molestie lorem quisque ut erat curabitur gravida nisi at nibh"
CR242465,HWR-ZOE,ante,21953336,"pellentesque ultrices phasellus id"
CR627446,ODR-MHC,"turpis elementum",29544860,"mi pede malesuada"
CS000847,"IVS6 ds +1 G-A",Splicing,300011,"Menkes syndrome"
CS1515061,"IVS5 ds +1 G-C",Splicing,601902,"Meier-Gorlin syndrome"
CS493482,JTX-CXZ,"aliquam non",4852177,"tincidunt eget"
CS524677,AYR-GUP,"sapien quis",19905899,"convallis eget"
CS832691,KYJ-KKJ,tortor,51987407,"eget orci vehicula condimentum curabitur in libero ut"
CT586451,LAY-GAG,semper,52663926,"mauris eget"
CT813786,RMJ-MFV,"arcu libero",59516181,"ligula in lacus curabitur"
CU721635,UFD-XJG,molestie,45166414,"vestibulum sit amet cursus id turpis"
CU817053,JDD-JBT,"eu felis",37604820,"vivamus in felis eu sapien"
CV061574,XOT-XDY,"dolor quis",17094451,"non sodales sed tincidunt"
CZ956047,WEP-CNF,"elit proin",47094368,"erat vestibulum sed magna at nunc commodo placerat praesent"
DC404178,BBB-LNW,eros,77332464,"libero nullam sit amet turpis"
DC606681,UAJ-ETK,suscipit,75101947,"vel accumsan tellus nisi eu orci mauris lacinia sapien quis"
DC864895,LUB-LWM,luctus,27040729,"tincidunt in"
DD377286,RII-EPX,volutpat,82090471,"turpis sed ante vivamus tortor duis"
DD877935,ONA-PTZ,id,19061516,"mauris morbi non"
DD966739,XDB-VRS,donec,80027457,"vivamus metus arcu adipiscing"
DE043221,FES-KUS,lorem,31805725,"blandit lacinia erat vestibulum sed magna at nunc commodo placerat"
DE834840,RDK-QUK,"pellentesque viverra",66261594,"morbi odio odio"
DE953370,POY-GYV,scelerisque,5147366,"ut tellus nulla ut erat id mauris"
DJ904027,WYC-PTW,aliquam,22307200,"sapien cursus vestibulum proin eu"
DK992477,YTJ-BYK,"duis aliquam",54245965,"sed nisl"
DL547431,OEA-FRS,mattis,6705383,"sem mauris laoreet"
DM555225,VUK-MYK,"ipsum primis",77790889,"placerat praesent"
DM723123,AJG-JFA,nulla,55052360,"at nunc commodo placerat praesent blandit nam"
DN514865,WKD-OWF,"duis faucibus",17826952,"blandit ultrices enim lorem ipsum dolor sit amet consectetuer"
DP709589,WME-BVR,"primis in",89666479,"quis orci eget orci vehicula"
DQ048676,VQN-HQH,quam,73347286,"bibendum morbi non quam"
DQ247449,ZKK-PFI,eu,65784170,"in faucibus orci luctus et"
DQ557527,KQX-QOT,"pellentesque eget",13869409,"dui vel sem sed sagittis nam congue risus semper"
DQ623876,WBN-EES,eget,82633606,"porta volutpat"
DR673272,BUP-ZEY,"a nibh",84353375,"in porttitor pede justo eu"
DS750925,LWW-JYX,a,79410610,"vestibulum sed magna"
DT661729,XCU-ZBI,nullam,58827851,"justo morbi"
DV607618,ZAW-KUN,pretium,27457920,"sollicitudin ut suscipit a"
DW292360,JEY-REK,luctus,20662448,"sit amet sem fusce consequat nulla nisl nunc"
DY316349,KFT-MNJ,lacinia,59402177,"vestibulum ante ipsum primis in"
DY859284,WBL-KHW,"amet turpis",43130667,"scelerisque quam turpis adipiscing lorem vitae mattis nibh"
DZ494956,QTJ-EXU,justo,66855522,"urna ut tellus nulla ut erat id mauris vulputate"
EB795818,ZYU-YAB,"nulla eget",2634582,"a odio in hac"
EB855139,KUJ-VYH,justo,74244621,"tincidunt in leo maecenas pulvinar lobortis"
EC434655,ALA-QUU,"leo rhoncus",64201149,"velit donec diam neque vestibulum"
EC702638,IMJ-WVX,"aliquet ultrices",51038647,"nisi nam ultrices libero non mattis pulvinar nulla"
EC858410,VFB-CUW,"ultricies eu",16989520,"in congue etiam justo etiam"
EC942467,FDQ-AMQ,"sapien non",43981704,"laoreet ut rhoncus"
ED460692,YZU-SRY,"iaculis congue",71827175,"mauris sit amet eros suspendisse accumsan tortor quis turpis"
ED479987,LHG-SFI,"quis augue",70356545,"magna at nunc commodo placerat"
EE237205,SOG-ZQG,"potenti nullam",24001211,"purus aliquet at feugiat non pretium quis lectus suspendisse potenti"
EE799833,CJZ-BSE,in,52518182,"adipiscing elit proin risus praesent lectus vestibulum quam sapien"
EE813932,XAI-YRQ,"in hac",4453617,"at feugiat non pretium quis"
EF679400,TCI-GHN,et,64578847,"varius integer ac leo pellentesque ultrices"
EG137871,BOI-COG,"sed sagittis",22644962,"justo lacinia eget"
EG373310,ZKF-WWF,"eget semper",10352355,"massa quis augue luctus tincidunt nulla"
EH098139,VVG-ASE,duis,91009213,"nulla eget eros"
EH383693,ASY-YBK,"metus vitae",83975731,"lacinia sapien quis libero nullam sit amet turpis elementum"
EJ305565,URR-VYY,luctus,89162601,"justo in hac habitasse platea"
EJ468796,BUL-OYQ,"turpis eget",84736117,"sit amet sem fusce"
EJ574533,ZJA-JDB,morbi,88050873,"nullam varius nulla facilisi cras non velit nec nisi vulputate"
EJ974625,QSH-XIO,id,21037672,"nulla integer pede justo lacinia eget tincidunt eget tempus"
EK219261,PHF-AGN,etiam,35149564,"lacinia eget tincidunt"
EL954391,UDW-CHP,"eget semper",47000763,"nulla integer pede justo"
EN049093,MYJ-BOI,"auctor gravida",5457168,"pede ac"
EP029216,LZE-YEI,est,22141745,"lacus at turpis donec posuere metus vitae ipsum aliquam non"
EP242826,RVM-YBJ,tortor,94990622,"platea dictumst"
EP853559,KXV-ORX,ipsum,82837766,"nulla sed vel enim sit amet nunc viverra dapibus nulla"
EQ740795,OSA-EKS,vel,1173922,"tellus semper interdum mauris ullamcorper purus sit amet"
ER237030,KRG-CXT,"nulla sed",46907178,"ut massa volutpat convallis morbi odio odio elementum eu"
ER993059,PQQ-GKB,"pellentesque volutpat",8956817,"odio curabitur convallis duis consequat dui nec nisi"
ET503545,AWF-FUA,"justo lacinia",81983762,"tristique in tempus sit amet sem fusce consequat"
EV705509,LMV-GMS,ac,86742523,"integer ac neque duis"
EV873341,OBQ-AXS,ultrices,24080253,"cras non"
EW501630,CBC-JGP,in,37892544,"accumsan felis ut at dolor quis odio consequat"
EX788318,RCI-PDW,"diam vitae",1956481,"vel augue vestibulum ante ipsum primis in"
EY474428,MCE-TIE,consequat,28240707,"pede lobortis ligula sit amet eleifend pede libero quis orci"
EZ089589,ZKS-ZYJ,"lacus curabitur",52366103,"vel pede morbi porttitor lorem id ligula suspendisse"
FA121870,CHI-GZY,"suspendisse potenti",75118821,"diam erat fermentum justo nec condimentum"
FA630931,DND-DMJ,"justo sollicitudin",44189161,"odio cras mi pede malesuada"
FA732131,SGP-BID,"nulla justo",61033136,"ligula vehicula consequat morbi a ipsum integer a nibh in"
FB735051,NRE-CUF,accumsan,7788682,"consequat lectus in est risus auctor sed"
FC466140,EIU-OBP,ipsum,75833779,"pede posuere"
FC934831,NED-CRI,porttitor,26896173,"lacinia erat vestibulum sed"
FD313148,TQA-TSF,ipsum,58836607,"at velit vivamus"
FD339930,UCF-VRS,erat,808189,"ut nunc vestibulum"
FD368132,BSQ-XNL,"libero nam",21096150,"quisque erat eros"
FE396695,GSL-JDZ,cursus,40211764,"ac diam cras"
FF093916,OSW-TTB,non,15712006,"interdum mauris non ligula"
FG782548,MRC-FUO,"orci eget",21764244,"magna at nunc commodo placerat praesent blandit nam nulla integer"
FH282740,FMH-FUH,"blandit nam",68883751,"donec ut dolor morbi vel lectus in quam fringilla rhoncus"
FH477511,GLW-WUA,risus,31609682,"condimentum id"
FH960390,DGN-VZB,"libero nullam",71939593,"rutrum nulla tellus"
FI183577,EUS-EPA,"in tempus",75667137,"feugiat et eros vestibulum"
FI726118,ALM-KNP,"mi nulla",86474775,"vestibulum sit amet cursus id turpis integer aliquet massa id"
FI781035,QIV-NBJ,"fusce posuere",69293445,"suspendisse potenti cras in"
FM003790,JKN-ZXW,nisl,5953498,"metus aenean fermentum donec ut mauris"
FM814648,WIB-RCX,diam,65796844,"ultrices erat tortor"
FM834897,TKU-TFW,"mauris enim",13884230,"in ante vestibulum ante ipsum"
FM841351,FRL-NPI,mi,5448142,"aenean sit amet justo morbi ut odio"
FN502535,MIC-MZW,congue,60524774,"dolor vel est donec odio justo sollicitudin"
FP081603,CWI-ZIA,nisl,44334391,"nec molestie sed"
FP403572,MET-UKQ,"ultrices aliquet",6270406,"egestas metus aenean fermentum donec ut mauris"
FQ511961,WGQ-OUS,quam,33655014,"praesent id massa id nisl venenatis lacinia aenean sit amet"
FR865714,GGL-XJO,"erat tortor",62752319,"dolor sit amet consectetuer adipiscing elit proin interdum mauris"
FR949785,HCA-LHD,"nibh in",56564202,"risus auctor sed"
FT971332,NVV-FWO,aliquet,44720063,"Nephrotic syndrome"
FV326848,YFL-JMI,"lacinia nisi",19958282,"justo etiam"
FV645131,RHT-ERS,"et tempus",40862218,"curae donec pharetra magna vestibulum aliquet"
FW695981,MJM-WHG,dui,96959310,"nam ultrices libero non mattis pulvinar nulla"
FX899371,QJJ-GTQ,"molestie lorem",14331769,"suspendisse potenti nullam"
FZ111053,NNA-FYB,sem,72882995,"vestibulum sed"
FZ369310,BZP-DMN,"curabitur convallis",35221358,"pede justo eu massa donec"
FZ751866,IYD-IAX,"mi pede",10478709,"semper porta volutpat quam pede"
GA496884,RJW-ASK,condimentum,60137481,"consequat morbi a ipsum integer"
GB787726,JDE-QKQ,pede,7778145,"in quis justo maecenas rhoncus aliquam lacus morbi quis"
GC036778,REP-VOR,"suscipit a",17160047,"ultrices vel augue vestibulum ante ipsum"
GF188313,ZFI-RLG,ipsum,67259294,"aliquam non mauris morbi"
GG119563,WSU-WZV,cubilia,82782808,"donec pharetra magna vestibulum aliquet ultrices erat tortor sollicitudin mi"
GG923195,MFG-WTQ,justo,30414674,"sit amet diam in"
GH616804,PJJ-GOI,mi,40454704,"nam dui proin leo odio porttitor id consequat in"
GH943468,JES-ERS,nulla,42717776,"vel est donec odio justo sollicitudin ut"
GK889020,UVN-JXQ,"quam nec",8444567,"ut nulla"
GM103410,RIE-MYB,"diam in",81297046,"donec semper sapien a libero nam dui proin leo"
GM303784,HAC-DIJ,"nullam varius",39979294,"fusce lacus purus"
GM690743,DAY-BKT,praesent,31078091,"vehicula condimentum curabitur in libero ut massa volutpat convallis morbi"
GP232948,GRR-SNP,tristique,5485521,"risus dapibus augue vel accumsan tellus"
GP491911,SYO-JXN,risus,94190603,"odio curabitur convallis duis consequat dui nec nisi volutpat"
GP798802,FEL-TWI,pede,38693906,"ultricies eu nibh quisque"
GQ191418,XUR-BYD,"ante nulla",97135300,"lectus pellentesque at nulla suspendisse potenti cras"
GR494805,HQE-EIB,"pede venenatis",92608630,"id massa id nisl venenatis lacinia aenean sit amet"
GR531700,SQU-XLP,lobortis,53918015,"tincidunt eu felis fusce"
GS491785,PTP-WNF,nunc,55032822,"dolor sit amet consectetuer adipiscing"
GS493774,SPN-XCB,"urna pretium",68876264,"nulla eget eros elementum pellentesque quisque porta volutpat"
GS511745,TMP-HYT,a,15318499,"etiam vel augue"
GT021970,WIP-HVA,"tincidunt eget",63633171,"ligula in lacus curabitur at"
GT235213,BOU-IVK,"ante ipsum",41487,"integer pede justo"
GT668374,HAQ-JII,lobortis,22264459,"elementum nullam varius"
GU298353,UBO-SNI,"ut massa",76509162,"tincidunt eget tempus vel"
GU411284,WOK-HJI,lorem,61348900,"erat curabitur gravida nisi at nibh in hac habitasse platea"
GU658330,WAZ-XDE,nibh,11049855,"massa volutpat convallis morbi odio odio"
GV009431,PLH-RAL,"maecenas tristique",63494926,"nulla ac enim"
GV059130,WDH-RWS,ipsum,21357693,"eget eleifend luctus ultricies eu nibh quisque"
GX766558,MWD-EJT,felis,79624029,"rutrum neque aenean"
GY917697,DBB-SYQ,eu,35500288,"sollicitudin vitae consectetuer eget rutrum at lorem integer tincidunt"
GZ059961,EDP-PDN,congue,75029791,"faucibus orci luctus"
HA401839,DOC-PAU,"congue diam",92567566,"hac habitasse platea dictumst maecenas ut massa quis"
HB548652,YQN-SRO,"ut nulla",29908764,"ligula vehicula"
HC092503,BWM-HMR,"nisl nunc",46231736,"hac habitasse platea dictumst"
HD379767,ERF-XYC,consequat,53772492,"Rett-like syndrome"
HE146222,NRA-TYR,"cubilia curae",43332218,"proin eu mi nulla ac enim in tempor"
HE205415,LIJ-YMY,accumsan,48089690,"cras non velit nec nisi vulputate nonummy"
HF089976,YOC-XAJ,dolor,41871248,"amet eros suspendisse accumsan tortor quis turpis sed ante vivamus"
HF342826,JDP-IHI,rhoncus,27231298,"id ornare"
HG498826,SDM-VDA,"sagittis dui",39186214,"curae nulla dapibus dolor vel est donec"
HG560759,TKP-XOH,"mattis odio",77744833,"nunc vestibulum ante ipsum primis"
HG698980,ZLI-XVX,"ipsum dolor",75935150,"pede lobortis ligula sit amet eleifend"
HH161380,RBY-SDM,"consequat ut",52175680,"tortor duis"
HI890284,RYR-HPI,praesent,31599448,"augue vestibulum ante ipsum primis in faucibus orci luctus et"
HK000803,ZTH-UTO,felis,872925,"non ligula pellentesque ultrices phasellus id sapien in sapien"
HM540829,IRR-VSN,tristique,17378245,"ornare imperdiet sapien urna pretium nisl ut volutpat"
HN088108,YUQ-IVG,"nulla nisl",15070370,"auctor gravida sem praesent id massa id nisl venenatis"
HN487850,VNJ-KKX,"ultrices enim",16545955,"et magnis dis parturient montes nascetur ridiculus mus vivamus"
HN518572,BNU-AEY,"amet sem",7852508,"luctus nec molestie sed justo pellentesque"
HP947920,YBR-CGF,"sem duis",50438948,"et magnis dis parturient"
HQ039207,VNY-KUL,"ultrices erat",23056483,"cum sociis natoque penatibus et magnis dis"
HQ567599,JSA-SVP,diam,81412105,"placerat ante nulla justo aliquam"
HR046766,DFM-YSY,"metus sapien",96354851,"tellus nisi eu orci"
HR490645,KAK-RVX,"proin at",89351977,"faucibus orci luctus et ultrices posuere cubilia curae nulla"
HR491497,DCV-XKG,"mauris non",27067388,"lorem quisque ut erat curabitur gravida nisi at nibh"
HS163564,JKU-KLP,dolor,41650365,"sagittis sapien cum sociis natoque"
HS302050,RHB-CMI,volutpat,6720935,"vehicula consequat morbi a ipsum"
HS984627,RVC-BDB,suscipit,96521431,"ut rhoncus aliquet pulvinar"
HT292665,VEC-XKS,ac,7225718,"vel nisl duis ac nibh fusce lacus purus aliquet"
HU046100,MFF-CAI,"egestas metus",81463310,"est donec odio justo sollicitudin"
HU314924,GKB-UJD,"sit amet",39296775,"lectus pellentesque at nulla"
HV756085,YMV-BSF,lobortis,40884328,"risus auctor sed tristique"
HW321647,WXL-XUD,pede,75708213,"hendrerit at vulputate vitae nisl aenean lectus pellentesque eget nunc"
HW516926,QAJ-SRC,"volutpat in",92698748,"ultrices vel augue vestibulum ante ipsum primis in faucibus"
HX561490,REW-YMS,"leo odio",35445664,"et tempus semper"
HZ232918,QRH-ABN,"justo maecenas",51661695,"integer tincidunt ante vel ipsum praesent blandit"
HZ264768,QWI-DMU,donec,45434420,"ultrices vel augue"
HZ972786,RAZ-DQI,sollicitudin,68794652,"in felis eu sapien cursus vestibulum proin eu mi"
IA879575,QTN-RMZ,"orci luctus",53010113,"rutrum ac lobortis vel"
IB022570,DUO-VWU,"posuere nonummy",85717704,"amet nunc viverra dapibus nulla suscipit"
IB187239,KKQ-FFI,"libero quis",10438176,"vivamus metus arcu adipiscing molestie hendrerit at vulputate"
IB345447,QCV-JVJ,"id nulla",3627747,"sagittis sapien cum sociis"
IB568407,NMT-VRY,et,41724159,"non mauris morbi non lectus aliquam sit amet diam"
IC297287,TJH-XJD,"pede justo",16454229,"felis sed lacus morbi sem"
ID502885,YCQ-QXQ,"lacus morbi",35799774,"pellentesque quisque porta volutpat erat quisque"
ID986047,KVW-UGM,"ligula in",82093826,"sed sagittis nam congue risus semper porta volutpat quam"
IF412401,ZVD-DJW,dapibus,27455578,"amet diam in magna bibendum imperdiet nullam orci pede"
IJ541157,MKK-ASD,"dui maecenas",55816144,"leo pellentesque ultrices"
IJ628587,TMX-NOY,"sapien in",33401391,"lobortis est phasellus sit amet erat nulla tempus vivamus"
IJ764160,XCR-CYK,metus,56952042,"quis turpis eget elit sodales scelerisque mauris sit"
IJ816891,ACJ-QJX,"est quam",89739436,"at feugiat non pretium"
IL325829,OOA-FUW,"sit amet",92758553,"lobortis ligula sit amet"
IM366599,BHX-OIZ,mattis,19360535,"lorem quisque ut erat curabitur gravida"
IM888130,KRM-CWX,"ultrices erat",66084001,"ultrices phasellus id sapien in sapien"
IO367822,XKO-WAI,"hac habitasse",66268644,"Occipital horn syndrome"
IP227608,ORA-WJH,sapien,23506343,"imperdiet et commodo vulputate justo in blandit"
IP548053,GUW-UTR,"porttitor pede",64904702,"eget tempus vel pede morbi porttitor lorem"
IQ297316,PYH-CEY,"luctus et",97032123,"metus arcu"
IS416818,RWW-GRL,"et commodo",39328173,"sed tincidunt eu felis fusce posuere felis sed"
IT025203,MZU-NFM,"ligula pellentesque",33449163,"ipsum praesent blandit lacinia erat vestibulum sed magna"
IT576463,ZAR-URS,porttitor,52852528,"lorem ipsum dolor sit amet consectetuer adipiscing elit proin"
IT850749,EFJ-YSM,"semper rutrum",4205999,"aliquam quis turpis eget elit sodales scelerisque"
IV590727,QIB-WTV,quam,30802640,"donec pharetra magna"
IW257763,OPJ-WVP,consectetuer,13337184,"id ornare imperdiet sapien urna pretium"
IX330198,PHT-EHM,non,43950516,"convallis nunc proin at turpis a pede posuere nonummy integer"
IX534869,SEL-UUJ,suscipit,72973137,"erat tortor sollicitudin mi sit amet lobortis sapien sapien non"
IX877093,NZU-ZZJ,"ultrices libero",95492264,"risus dapibus"
IX921652,ZVR-GQK,"dis parturient",20894480,"nisl duis bibendum felis sed interdum venenatis turpis"
IZ467264,STE-XLA,sapien,94992528,"pede posuere nonummy integer non velit donec diam neque vestibulum"
IZ668168,PEA-HOX,montes,33177772,"massa tempor convallis nulla neque libero convallis eget eleifend"
JB470375,PMY-HKJ,"molestie lorem",93071622,"amet nunc viverra dapibus nulla"
JB563135,PEE-DMV,"duis at",76808563,"maecenas rhoncus aliquam lacus morbi quis"
JB895453,ZMU-XJR,"cras in",64240400,"ut nulla sed accumsan felis ut at dolor quis odio"
JB920295,XRO-EGU,"nam ultrices",3131187,"in faucibus orci luctus et ultrices posuere cubilia"
JC347286,VVY-IMA,nisi,35602784,"congue vivamus metus arcu adipiscing molestie hendrerit at vulputate"
JD390047,PYF-LHI,"posuere cubilia",54179636,"sit amet turpis elementum ligula vehicula consequat morbi"
JE889246,XBU-CPU,nibh,10726766,"amet consectetuer adipiscing elit proin interdum mauris non"
JE968026,QON-JQD,"pulvinar lobortis",53324483,"nascetur ridiculus"
JF474731,GCE-FXZ,ante,99343689,"lorem integer tincidunt ante vel ipsum praesent blandit"
JG044309,XVB-ZVL,"convallis duis",32530890,"elementum nullam varius nulla facilisi cras non velit"
JI493544,DAJ-KJH,"tempus semper",72189589,"pellentesque quisque porta volutpat erat"
JK119186,DFP-CGH,scelerisque,50413876,"odio justo sollicitudin"
JK853940,QVX-TRV,nulla,58267147,"phasellus sit amet erat nulla tempus"
JL010846,DNP-NDG,"sagittis nam",61610793,"nonummy integer non velit donec diam neque vestibulum"
JL126198,DPW-AQI,"elit sodales",67742363,"quis turpis eget elit sodales"
JL230968,XHH-PIP,eget,99629430,"eu mi nulla ac enim in"
JL350735,LUY-GQD,sapien,73596262,"luctus et ultrices posuere cubilia curae donec pharetra magna vestibulum"
JO021218,EEJ-LLG,"fusce lacus",46288372,"velit eu est congue elementum"
JO368381,SSF-IFX,proin,55084716,"nisl aenean"
JR110454,LFS-IBM,dui,75351036,"eget nunc donec"
JR844212,LCU-HZP,"in congue",9821351,"Severe intestinal pseudo-obstruction	"
JS453047,QLF-TLI,et,2272841,"curabitur gravida nisi at nibh in hac habitasse platea dictumst"
JT586124,KUI-MCX,"viverra diam",78072861,"nulla quisque arcu libero rutrum ac lobortis"
JT797184,TVL-PXW,"morbi vestibulum",87412372,"adipiscing molestie hendrerit at vulputate vitae"
JU514997,YSM-FDZ,"neque libero",67382238,"aliquet ultrices erat tortor sollicitudin mi sit amet lobortis"
JU600606,ALA-DSX,venenatis,10701456,"morbi ut odio cras mi pede malesuada in imperdiet et"
JU921760,FPB-KHM,rutrum,65533993,"nonummy integer non velit donec diam"
JU993154,HUR-GPV,"volutpat sapien",97195770,"sollicitudin ut suscipit a feugiat et eros vestibulum ac est"
JV415376,PHV-GJQ,libero,48856442,"pellentesque at nulla suspendisse potenti cras in"
JW866846,NVO-KXG,eros,64362858,"morbi vel lectus in quam fringilla rhoncus"
JX154401,DXY-DFC,ipsum,59479845,"vitae consectetuer eget rutrum at lorem integer"
JX621187,CZS-RRJ,lacinia,23550878,"suscipit ligula in lacus curabitur"
JY131459,GPF-FJV,ante,2003183,"massa id"
JY288198,VRE-HTG,tortor,45091861,"et commodo vulputate justo"
JY606136,XLU-ROZ,"maecenas ut",95492551,"et ultrices posuere cubilia curae donec pharetra magna"
JY945836,XNB-PIW,proin,83839772,"bibendum imperdiet nullam"
JZ652196,AMI-SJT,"vestibulum eget",84798931,"nibh in quis justo maecenas rhoncus aliquam lacus morbi"
JZ793165,PFL-HOE,"neque libero",21268945,"a pede posuere nonummy integer non"
KA162352,YEM-EQK,"vestibulum vestibulum",62506033,"est phasellus"
KA412192,MLD-AUH,"dapibus augue",13444238,"luctus et ultrices"
KA562363,KAX-GUI,erat,70991193,"dapibus at diam nam tristique tortor eu"
KB610966,LDR-ZCI,"diam id",29733985,"fusce congue diam id ornare imperdiet sapien urna pretium"
KB843447,ZGN-LKA,nulla,89753960,"ultrices posuere cubilia curae duis faucibus accumsan odio curabitur"
KC418755,LKL-VKV,"aliquet maecenas",14595532,"dui proin leo odio porttitor"
KC469973,PBC-ELV,sollicitudin,44679314,"mattis odio donec vitae"
KD770916,STP-FIO,"orci nullam",95613039,"eget rutrum at lorem integer tincidunt ante"
KD825048,UKX-BRD,"id ornare",94734603,"pede posuere nonummy integer non velit donec diam neque"
KH766755,ANS-PTZ,augue,90125948,"lectus suspendisse potenti in eleifend quam a odio"
KI719932,RLQ-GGU,eget,77911467,"venenatis tristique fusce congue diam id ornare"
KJ417466,HRN-MGR,in,71237497,"justo morbi ut odio cras mi"
KJ760187,FRW-NDM,auctor,54187241,"est phasellus sit amet erat nulla tempus vivamus in"
KK323090,IPA-SRU,sit,44511053,"vulputate luctus cum sociis natoque penatibus et magnis dis"
KK459324,JEK-ERV,et,44168790,"sapien iaculis congue vivamus metus arcu adipiscing molestie hendrerit at"
KK521228,IRP-OQJ,vitae,35782302,"donec ut dolor morbi"
KL755949,BRN-HQU,"potenti nullam",3721025,"enim blandit"
KL924337,LSO-RHR,"luctus rutrum",25966406,"diam cras pellentesque volutpat dui maecenas"
KN208729,JKX-YCG,lacus,37172814,"ut at dolor quis odio consequat varius"
KN431009,APD-BSS,"vehicula consequat",39728536,"accumsan tortor quis turpis sed ante vivamus"
KO447374,DNB-KXP,"ut tellus",27551291,"risus auctor"
KO724934,XQA-YSN,"suspendisse accumsan",6573535,"interdum eu tincidunt in leo maecenas pulvinar lobortis"
KR436980,DED-PEG,"quis orci",33970183,"lectus pellentesque eget nunc donec quis"
KS137193,JIM-FKF,"nullam orci",56190771,"vestibulum ante ipsum primis in faucibus orci"
KS176011,NOB-KVU,"porta volutpat",76524937,"ac est lacinia nisi venenatis tristique fusce"
KS648686,YOT-PDO,"morbi non",24817601,"maecenas rhoncus aliquam lacus morbi quis tortor"
KT050098,FUV-ZBJ,"erat eros",46711212,"sed tristique in"
KT407566,KLO-UQS,"nulla justo",79655126,"fermentum donec ut"
KT972581,LLW-WAS,"sociis natoque",27880453,"nisi nam ultrices libero non mattis pulvinar nulla pede"
KU920056,VVX-GYC,massa,99556218,"ac neque duis"
KW823569,AYE-DFW,vulputate,81255406,"lacus at turpis donec posuere metus vitae ipsum aliquam"
KW989661,CXW-CKG,lectus,7351282,"feugiat non pretium quis lectus suspendisse potenti"
KX467607,MOF-TRJ,"nulla justo",92187564,"sociis natoque penatibus et magnis"
KY849509,VST-NWP,"faucibus accumsan",26252194,"sem fusce consequat nulla nisl nunc nisl duis"
LA614605,ILX-NCU,donec,23170950,"justo maecenas rhoncus"
LB283057,CPB-POT,blandit,94618495,"interdum in ante vestibulum ante"
LB765165,XOE-MVC,"sodales scelerisque",41932410,"platea dictumst maecenas ut massa quis augue"
LC358034,HFR-EPX,sociis,13147375,"suspendisse accumsan tortor"
LD261483,YLF-HUO,sodales,2305732,"dui luctus rutrum nulla tellus in sagittis dui vel"
LE792542,DWZ-SAA,"in purus",53278665,"aliquam lacus morbi quis tortor id nulla ultrices aliquet"
LF515087,LTW-YRD,quisque,19642944,"curae duis faucibus accumsan"
LF567020,KXW-QRD,"laoreet ut",95996022,"in blandit"
LH900126,SID-VGA,sit,65917683,"amet turpis elementum ligula vehicula"
LI493344,YXA-MUJ,iaculis,35085721,"nam ultrices libero"
LI535433,NSH-WTP,"rutrum nulla",94311118,"mauris laoreet ut rhoncus aliquet"
LI656530,IOF-RME,"quisque arcu",60483587,"pede ac diam cras pellentesque volutpat dui maecenas"
LK527609,BJR-WDU,"leo odio",46514788,"dapibus nulla suscipit"
LK702771,SYA-QNN,mauris,76014959,"ultrices phasellus id sapien in sapien iaculis"
LL078433,SYM-FAY,maecenas,34710186,"augue quam sollicitudin vitae consectetuer eget rutrum"
LL134558,ZNH-SSA,"etiam faucibus",51768873,"pharetra magna ac consequat metus sapien ut"
LM663683,OLD-BWB,"nunc proin",70290482,"gravida sem"
LO910849,NXW-KTW,malesuada,24620645,"primis in faucibus"
LP273420,HQA-XXD,"diam cras",96750980,"molestie sed justo pellentesque viverra pede ac diam"
LP656907,TJC-NAI,"semper rutrum",86960312,"quis libero nullam sit"
LP786005,WOL-MHA,vivamus,59864370,"suspendisse potenti"
LQ077324,LOQ-QEZ,vestibulum,25401752,"imperdiet sapien urna pretium nisl ut volutpat sapien arcu"
LR518143,TBQ-BOT,"sapien quis",44477008,"vestibulum sagittis sapien cum sociis natoque penatibus et"
LR632438,UAS-CCV,sed,75632434,"id ligula suspendisse ornare consequat lectus"
LS325928,LIK-BYT,morbi,51531823,"eget nunc donec quis orci eget orci vehicula condimentum curabitur"
LT218027,HVC-CUK,tortor,6493751,"velit vivamus vel"
LT266097,QBI-NGX,"ante ipsum",18060632,"suspendisse potenti cras in purus eu magna vulputate"
LT308091,DNI-HLQ,phasellus,91837175,"a pede posuere nonummy integer non velit"
LT660345,PWA-AZW,"quis orci",95117613,"justo eu massa donec dapibus"
LT699958,HMP-ZNC,"platea dictumst",69243656,"vel pede morbi"
LU546957,CGL-KYC,eget,71676219,"quis orci eget orci vehicula condimentum"
LU669930,ZFC-TFX,gravida,67310758,"amet lobortis"
LW334314,DFX-WVM,"suscipit ligula",57944309,"natoque penatibus et magnis dis parturient"
LW650727,JCN-WHS,nibh,76971687,"justo sollicitudin ut suscipit"
LX259304,JQV-SLO,"in tempus",78180309,"erat id mauris"
LX293668,KZS-DWH,"vitae ipsum",99194264,"mauris morbi non lectus aliquam sit amet diam"
LZ259266,IDS-UWM,sapien,79592479,"ultrices erat tortor sollicitudin mi sit amet"
LZ497111,PGU-BCM,"nibh fusce",76753062,"erat curabitur gravida"
MA189545,QXF-BHX,"nulla sed",87172832,"ipsum primis in faucibus orci luctus"
MA665333,RET-VZP,"etiam justo",67758018,"ac lobortis vel dapibus at diam nam tristique"
MA733376,IVG-BQX,sagittis,46840346,"dapibus augue vel accumsan tellus"
MC035753,MCF-JJI,libero,56240787,"volutpat quam"
MC433906,CNX-ZSU,"libero ut",69140803,"justo aliquam quis turpis eget elit sodales scelerisque mauris sit"
ME290291,TPY-QPE,"morbi a",52073157,"parturient montes nascetur ridiculus mus etiam vel augue vestibulum"
MF437588,JEQ-IUO,"duis ac",75764388,"morbi vestibulum velit"
MG533817,EJE-THV,"morbi vestibulum",12019597,"dui proin leo odio"
MI399639,TDU-FQJ,a,62791194,"rutrum rutrum neque"
MK327636,QMY-UMF,donec,43167811,"nulla nunc purus phasellus in"
MK735964,LGK-XVD,"vel enim",18723042,"justo morbi ut odio"
ML466235,XGO-ZAR,"volutpat dui",83395155,"ultrices enim lorem ipsum dolor sit amet"
MM278355,KBG-EBW,"vitae nisl",98316619,"est lacinia"
MM857628,EUQ-IIM,ac,93459247,"imperdiet sapien"
MN070253,QIS-HHB,"morbi sem",22296409,"cursus vestibulum proin"
MN376927,BJX-HLG,"interdum venenatis",27363551,"nulla ac enim in tempor turpis nec euismod scelerisque quam"
MO013093,MOT-ITK,"montes nascetur",41586437,"ultrices libero non mattis"
MO906841,JSJ-BKZ,eget,99750172,"eleifend pede libero quis orci"
MP104880,ROG-FBT,"ut erat",44448613,"mauris morbi non lectus aliquam sit"
MP562564,TTK-BFD,"dictumst morbi",80852129,"pede venenatis non sodales sed"
MQ674242,ZHL-ONK,"aliquet maecenas",3226173,"lobortis est phasellus sit amet erat"
MQ772410,ZMW-GSG,"semper rutrum",42957440,"id lobortis convallis tortor risus"
MR184268,APO-NQG,"integer aliquet",14663021,"sem duis aliquam convallis"
MR285395,UYU-MRB,"nulla facilisi",94424425,"odio in hac habitasse"
MR298443,NKI-OOU,condimentum,17604317,"eros viverra eget congue"
MS152780,PXD-JDQ,non,30882190,"rutrum ac lobortis"
MS819164,FEU-SRO,morbi,51612473,"lacus morbi sem mauris laoreet ut rhoncus aliquet pulvinar"
MT668142,IBG-ZRG,"nulla sed",14491719,"nulla ac enim in tempor"
MU571127,LDY-APZ,aliquam,44230414,"nunc vestibulum ante"
MU805481,VGJ-JMK,"pede ullamcorper",78796403,"morbi odio odio elementum"
MV484396,JHT-SFI,"pretium iaculis",77439274,"dolor sit amet consectetuer"
MV610247,RZK-UIU,"lectus pellentesque",49334474,"sem praesent id massa id nisl venenatis lacinia aenean sit"
MV881302,IEP-NVQ,dapibus,58798407,"mus etiam vel augue vestibulum rutrum rutrum neque"
MW241439,MOG-CDB,"nam congue",71071337,"sapien in sapien iaculis congue vivamus metus arcu"
MW544310,TVE-CKH,sed,12682577,"semper est quam"
MW835023,EUR-XLU,"potenti in",61404238,"libero nam dui proin leo"
MY641488,WBT-JSA,quis,50600264,"erat id mauris vulputate elementum nullam varius nulla facilisi cras"
MY904214,CEV-JKO,nec,35500868,"odio consequat varius integer ac leo pellentesque ultrices mattis odio"
NA840786,CSU-HND,neque,64511452,"sed justo pellentesque viverra pede ac diam"
NB026517,GBA-GMH,phasellus,85024055,"Menkes syndrome"
NC089661,IFQ-IQG,a,30174248,"nibh fusce"
NC134648,JPQ-VVJ,ac,54960956,"rhoncus aliquet pulvinar sed"
NE718338,QIH-OHU,nisi,46484369,"at ipsum ac tellus semper interdum mauris ullamcorper purus"
NG624941,CLU-XHO,"vestibulum sed",48693868,"GABA-transaminase deficiency"
NH264422,JYZ-DBK,"sodales sed",43947601,"libero rutrum"
NH451616,CFM-EGP,"tellus nisi",48522313,"consectetuer adipiscing elit proin risus praesent"
NH669814,NFW-NHJ,ut,59391730,"ac est lacinia nisi"
NH956331,MYH-VTN,faucibus,96464032,"sed tincidunt eu felis"
NI282984,CFS-ETD,etiam,27778645,"sed tristique in tempus sit amet sem fusce"
NI346464,HIZ-ALI,eleifend,72733764,"risus auctor sed tristique in tempus sit"
NJ571871,RKB-ELR,"orci luctus",17898204,"sollicitudin vitae consectetuer"
NJ896966,ESD-WFH,"non sodales",64523973,"integer ac leo pellentesque ultrices mattis odio"
NK037951,KPO-EET,"luctus et",60504618,"sit amet sapien dignissim vestibulum vestibulum"
NL123977,VCK-SUY,"vivamus in",76300109,"hac habitasse platea dictumst morbi"
NM159731,EKS-XWF,montes,66024646,"duis faucibus accumsan odio curabitur convallis duis"
NM792275,ANS-APZ,"cum sociis",44754658,"id massa id nisl venenatis lacinia"
NN081223,PZY-XIC,"morbi non",50224017,"sed ante vivamus tortor duis mattis"
NN446699,NBO-KTG,"cum sociis",59854666,"convallis tortor risus dapibus"
NN917630,FVO-ZTN,"ut massa",549261,"amet sapien dignissim vestibulum vestibulum"
NO941054,CNY-JXI,"sapien iaculis",37115778,"nisi volutpat eleifend donec ut dolor morbi vel lectus"
NO997753,ZEF-JRY,"vulputate ut",80486323,"proin at turpis a pede posuere nonummy integer"
NP013019,RIJ-XOF,"consequat morbi",66906705,"sem fusce consequat nulla nisl nunc nisl"
NP680004,JUB-RXJ,augue,23487629,"montes nascetur ridiculus mus vivamus vestibulum"
NQ376510,XIX-EWN,"nisl duis",61142567,"nulla pede ullamcorper augue a suscipit nulla elit"
NQ786741,QQR-KMN,"sapien placerat",24483946,"nibh in quis justo maecenas"
NR561901,KMZ-NTJ,"vitae mattis",56214373,"cum sociis natoque penatibus"
NS721926,JLL-USV,fusce,60014960,"felis donec semper sapien a libero nam dui proin"
NT961048,MKB-HAE,"sed tristique",44400781,"turpis adipiscing lorem vitae mattis"
NU223906,TYX-WEK,"duis bibendum",12065155,"primis in faucibus orci"
NU294875,OYT-RGK,tempus,51113502,"viverra dapibus"
NV639563,NCT-ACZ,"ultrices posuere",25675609,"faucibus orci luctus et ultrices posuere"
NW964512,MZA-ITO,"nec molestie",57054437,"sapien in"
NX817561,PWC-DME,"sociis natoque",55744550,"imperdiet nullam orci pede venenatis non sodales sed tincidunt"
NX963052,KUP-VTY,"blandit mi",7813251,"turpis adipiscing lorem"
NY441110,FOO-XJQ,"lobortis vel",37705559,"nam dui proin leo odio porttitor id consequat"
NY904699,VIV-XXZ,sit,18893618,"at dolor quis odio consequat varius integer ac leo pellentesque"
NZ266529,XZJ-EJK,"aenean lectus",91044074,"sodales sed tincidunt eu felis fusce posuere felis"
OA726600,DNX-JMZ,id,68947902,"sem fusce consequat nulla nisl"
OB464787,AKU-RXH,"aliquam non",28056605,"cubilia curae nulla dapibus dolor vel est donec"
OC343177,MSA-BVY,"velit donec",25600876,"morbi porttitor lorem"
OC981509,QZJ-OXH,"fusce lacus",8010199,"velit donec diam neque vestibulum eget vulputate ut ultrices vel"
OD844246,AUI-IPR,sit,84515476,"libero non mattis pulvinar nulla pede ullamcorper augue a"
OE160548,BFD-ATL,"morbi odio",33505387,"nisl duis bibendum felis sed interdum venenatis"
OE682988,SOL-QKQ,"lacinia sapien",603136,"quam pharetra magna ac consequat metus sapien ut nunc"
OF365554,FNZ-FZI,vitae,17694425,"fusce posuere felis sed"
OF730258,JBL-VJH,odio,61261312,"eros suspendisse accumsan tortor"
OG054443,PAP-CTK,"massa tempor",27321489,"dis parturient montes"
OG950486,TDA-YKU,eget,9037276,"iaculis congue vivamus metus arcu adipiscing molestie hendrerit at vulputate"
OH277585,BXF-VRX,justo,44819995,"dolor sit amet consectetuer adipiscing elit proin"
OH280397,GPO-WHJ,suspendisse,45966093,"turpis elementum ligula vehicula consequat morbi a"
OH585270,BFE-TNH,ac,55949200,"morbi ut odio cras mi pede malesuada"
OJ886793,SCL-PPN,nec,26724789,"odio justo"
OL050518,ZMD-UIG,curae,65518956,"in hac habitasse platea dictumst etiam faucibus cursus urna ut"
OL154928,DZN-DXO,imperdiet,87067249,"ligula sit amet eleifend pede libero quis orci"
OL469014,UUQ-AJW,"at turpis",14704997,"dui vel"
OM051153,PSA-EOR,"erat id",65063997,"eleifend donec ut dolor morbi vel lectus"
ON415988,RZZ-RWD,gravida,42608688,"justo maecenas rhoncus aliquam lacus morbi"
ON456816,FVP-QLR,"tortor duis",98585191,"luctus tincidunt nulla mollis molestie lorem quisque"
OO273124,YEM-EMK,"habitasse platea",66129332,"aliquam non mauris morbi non"
OO666805,MOD-ZYX,"sollicitudin ut",50556400,"nulla neque libero convallis eget"
OP042456,SKS-YBI,"amet sem",40295755,"volutpat in congue etiam justo etiam pretium"
OQ524033,SUG-ESC,"ligula nec",25542469,"habitasse platea dictumst maecenas"
OQ606184,VKL-ZUP,libero,45724286,"rhoncus aliquam lacus morbi quis"
OS718964,OWE-KNT,"dapibus at",4592834,"et ultrices posuere"
OT772132,EUF-WVJ,"platea dictumst",16943130,"eu magna vulputate luctus cum sociis natoque"
OT815158,QIR-YDC,viverra,27488034,"odio odio elementum eu interdum eu tincidunt in leo"
OU111466,CCQ-FTT,"aliquam augue",38374405,"mattis odio donec"
OU341898,PDJ-DBR,"feugiat non",8870162,"neque duis"
OV274409,SQP-OLE,nec,59900489,"sed tristique"
OW243468,ART-UNR,quisque,88244404,"sapien non"
OW704688,SQT-LRX,"a feugiat",7313007,"enim leo rhoncus"
OX175342,UYN-IXI,"pede justo",10052751,"eget eleifend luctus ultricies eu nibh quisque id justo"
OY044578,HPW-QCA,"posuere cubilia",83672945,"integer ac neque duis bibendum morbi"
OY613033,USX-ZUI,interdum,57850566,"ac tellus semper interdum mauris ullamcorper purus sit amet nulla"
OY792200,XWP-YYD,porttitor,75874643,"vivamus vestibulum sagittis sapien cum"
OZ209803,XCQ-NKR,leo,43435104,"sapien cursus vestibulum proin eu mi nulla ac"
OZ641484,IPU-VSZ,"sem sed",26703842,"curabitur convallis duis consequat dui nec"
PB014948,HUE-NCB,"tincidunt eu",95039306,"sit amet cursus id"
PB125775,AOJ-IRR,pharetra,99985300,"duis ac nibh fusce lacus purus aliquet at feugiat"
PC908719,KGW-IID,"aliquet pulvinar",38730937,"etiam justo etiam"
PD263675,CLX-YIR,arcu,79120171,"consequat varius integer ac leo pellentesque ultrices mattis odio"
PD759260,WJD-OMH,quis,57029025,"diam cras pellentesque volutpat dui maecenas tristique est"
PF432014,TRC-IKT,imperdiet,11393371,"ut ultrices vel augue vestibulum ante ipsum"
PF527268,CUH-DBA,interdum,15424812,"nec condimentum neque"
PG286601,VBX-JMV,sociis,18356635,"lorem vitae mattis nibh ligula nec sem duis aliquam"
PG589333,QOI-VNC,"fermentum donec",64786065,"erat vestibulum sed magna"
PG746994,CCX-TON,"orci nullam",2995965,"tortor risus dapibus augue vel accumsan tellus nisi eu"
PG910919,ATZ-TCG,in,1905093,"massa quis augue luctus tincidunt nulla mollis molestie lorem quisque"
PH639243,NDY-NOJ,placerat,78665644,"aliquet maecenas"
PI113421,NCH-AYF,"in blandit",38930720,"dapibus dolor vel"
PI138334,HHM-FAD,purus,76314124,"ipsum integer a nibh in quis justo maecenas"
PK429506,LME-FMI,ac,57372336,"quam fringilla rhoncus mauris enim leo rhoncus sed"
PM934806,OAW-PXZ,"donec odio",79704152,"nullam varius nulla"
PN167303,KOG-GEB,"eget orci",11041122,"molestie hendrerit at vulputate vitae"
PN469671,SIH-XXW,"elit sodales",83816640,"magna ac consequat metus"
PN472384,DIJ-CVT,molestie,81929320,"enim leo rhoncus sed vestibulum"
PN779532,JAV-KQW,magnis,42081452,"in congue"
PN898235,QJU-OTG,sed,79176020,"pellentesque ultrices phasellus id sapien in"
PP350000,XZQ-SUS,aliquam,78530313,"dui proin leo odio porttitor id consequat in consequat"
PP541150,THT-GXC,"augue aliquam",10705397,"rhoncus aliquet pulvinar"
PQ806025,HQE-ZIA,nunc,55010149,"pulvinar nulla pede ullamcorper augue a suscipit nulla"
PQ851988,YOC-FEB,"magnis dis",4842321,"mus vivamus vestibulum sagittis sapien cum sociis"
PR973765,SPG-QZZ,mus,56612726,"id nulla ultrices"
PS544394,VVX-ZJE,"rutrum ac",48253125,"leo odio condimentum id luctus nec molestie sed justo"
PS728377,YPF-ERK,phasellus,98588861,"interdum mauris ullamcorper purus sit amet nulla quisque"
PS854494,FYF-SRH,morbi,46753340,"nec dui luctus rutrum nulla tellus"
PT938376,QKT-SZW,non,35260780,"posuere cubilia curae mauris viverra"
PU474792,AQL-YMF,"accumsan felis",44297129,"id nulla ultrices aliquet maecenas"
PV504468,QAW-JLM,"eget orci",47425390,"dapibus duis at velit eu est congue"
PW088708,XYV-OCH,"odio donec",22839338,"ipsum dolor sit amet consectetuer adipiscing"
PX081959,QID-OFQ,"semper interdum",45504259,"pulvinar lobortis est phasellus sit amet erat"
PX365750,XLX-SUY,donec,39003481,"massa id nisl venenatis lacinia aenean sit"
PY271460,MTQ-IGZ,"turpis eget",51654732,"nisi vulputate nonummy maecenas tincidunt lacus at velit"
QA201968,YYE-LIW,"rhoncus mauris",18525350,"imperdiet nullam orci pede venenatis"
QB730948,KFT-FEE,ultrices,16935618,"justo lacinia"
QB905286,MGH-ZCQ,"morbi porttitor",12914779,"dictumst aliquam augue quam sollicitudin vitae"
QC234685,QGH-VWU,cubilia,17145386,"tempor turpis nec euismod scelerisque quam turpis"
QC674664,GMT-PUT,vestibulum,32116144,"vulputate vitae nisl aenean lectus pellentesque eget nunc donec quis"
QC729746,WIF-EVW,enim,31925975,Neurodegeneration
QC799201,NJE-ZGM,aliquam,68349248,"nec euismod scelerisque quam"
QD153199,ASM-HYK,"vestibulum quam",8527840,"odio porttitor id consequat"
QD299322,EDF-UNR,est,75592836,"lacus purus aliquet at feugiat non"
QD693420,MIV-LPV,platea,48210221,"feugiat et eros vestibulum ac est lacinia"
QF078454,AAF-BWU,"aliquam non",2893873,"aliquet ultrices erat tortor sollicitudin mi sit"
QF206514,AFU-MNA,lorem,51370330,"ante ipsum primis in faucibus"
QF460235,TXF-BFQ,"hac habitasse",96871212,"ante ipsum primis in faucibus orci luctus et"
QF490501,FIX-KNM,porta,10608068,"volutpat convallis morbi odio odio elementum eu interdum eu"
QG576465,UIM-DNG,"eu interdum",80506076,"non ligula pellentesque ultrices phasellus"
QH200415,HSV-JBA,in,3858122,"tristique in"
QH909536,UJG-YKZ,eu,17389400,"convallis nulla neque"
QI289212,FEV-CRK,"ante nulla",78904109,"pretium iaculis diam erat fermentum"
QK013223,NKO-PQT,"erat id",79892231,"quam nec"
QL362216,ATS-KBV,eu,64963731,"sed vestibulum sit amet cursus id"
QL840757,HTC-BRR,praesent,83412549,"ipsum aliquam non mauris morbi non lectus aliquam"
QL940527,MCU-FOH,ac,86603354,"nulla nunc purus phasellus in felis donec semper sapien"
QM040537,VAS-WLQ,"eu est",81606337,"dolor vel est donec odio justo sollicitudin ut suscipit"
QM107041,KVP-IXK,augue,12750976,"pellentesque viverra pede ac diam cras pellentesque volutpat dui maecenas"
QM400639,UGW-NDS,"ut nunc",14647977,"nunc nisl duis bibendum felis sed"
QM454083,JLH-MMN,nunc,70056778,"sit amet consectetuer adipiscing elit proin risus"
QN282075,EFK-HLO,"luctus tincidunt",58476635,"sed nisl nunc rhoncus dui vel"
QN411630,JBF-QOS,"aenean lectus",5131424,"faucibus cursus urna ut tellus nulla"
QN909805,LKF-WFV,cursus,16095257,"amet sapien dignissim"
QP474009,IHC-SLV,proin,29971643,"venenatis non sodales sed tincidunt eu"
QP678888,OCK-PZL,"mauris vulputate",15243217,"praesent id massa id nisl venenatis"
QP728525,LCC-KAL,blandit,46826860,"nibh quisque id justo"
QR654617,VFU-MQJ,et,97997726,"erat nulla tempus vivamus in felis"
QR795089,EQB-IPP,vestibulum,39991908,"nec nisi vulputate nonummy maecenas tincidunt"
QR932565,RXD-XTW,vestibulum,86235978,"molestie nibh in lectus pellentesque"
QS209722,OAU-ZIP,sapien,87194328,"praesent blandit lacinia erat vestibulum sed magna"
QT022954,IMU-NQN,in,87672377,"interdum venenatis turpis enim blandit mi in porttitor"
QT264046,BNB-WKQ,"nam nulla",43158617,"donec odio justo sollicitudin ut suscipit a feugiat"
QT531893,AFO-ZDR,molestie,89238319,"hendrerit at vulputate vitae nisl aenean lectus pellentesque eget"
QU769527,AKR-PLA,vehicula,21781476,"in imperdiet et commodo vulputate justo in blandit"
QV221856,HPG-FAV,non,601925,"aliquet maecenas leo odio condimentum id luctus"
QX017609,WCF-VOO,eget,17975480,"erat nulla tempus vivamus in felis eu sapien cursus vestibulum"
QX276929,QTJ-JHN,eu,51363963,"tortor id nulla ultrices"
QY442713,XES-EMR,"eu interdum",96507519,"tellus in sagittis dui vel"
QZ029383,SXB-GPG,"praesent id",99420748,"est lacinia nisi venenatis tristique fusce congue diam id ornare"
RA132188,EVU-KBO,"venenatis non",26373629,"id ornare imperdiet sapien urna pretium nisl"
RA189217,RBI-IHL,at,38590646,"sed ante vivamus"
RA702397,RII-HEP,tempor,37781895,"bibendum felis sed interdum venenatis turpis enim blandit"
RB284146,MIL-DVK,duis,76352316,"aliquam augue quam sollicitudin vitae consectetuer eget rutrum at"
RC231752,OCH-JQJ,amet,57762202,"morbi a"
RD163097,ZZH-MWZ,"ut at",1966184,"ac neque duis bibendum morbi"
RD757963,ZUX-SNX,"risus semper",42222050,"sit amet nulla quisque"
RD978959,REV-JJU,convallis,8412814,"nisi eu orci mauris lacinia sapien quis libero nullam"
RE526407,QYB-KBE,"donec vitae",11371258,"mattis egestas metus aenean fermentum"
RF287486,TDO-MAD,"pede posuere",34635716,"felis fusce"
RF500849,TJI-OYO,"aliquam quis",93948307,"justo etiam pretium iaculis"
RG489265,QPX-GEB,et,7983394,"Megacystis-microcolon-intestinal hypoperistalsis syndrome"
RG981906,SYH-GOS,"placerat praesent",87424270,"maecenas rhoncus aliquam lacus morbi quis tortor id"
RH453681,PCW-XGX,"amet lobortis",58692735,"orci vehicula condimentum curabitur in libero ut massa"
RH799881,DZW-ZFT,odio,8713381,"id mauris"
RH892563,SZR-WUF,congue,53601876,"pulvinar sed nisl nunc rhoncus dui vel sem sed sagittis"
RI187002,WSH-ZKN,"nec nisi",7312714,"pede morbi porttitor lorem id ligula suspendisse ornare consequat lectus"
RI789322,IPO-QYO,luctus,60682898,"proin risus praesent lectus vestibulum"
RJ078583,BNL-EHO,"sapien cum",37714292,"orci eget orci vehicula"
RJ182416,JVD-XSI,interdum,91627104,"nulla facilisi"
RK120500,TLM-KZJ,"ultrices libero",55459908,"quis lectus suspendisse potenti in eleifend"
RK135058,XCP-VFU,"amet cursus",18673647,"id ligula suspendisse ornare consequat lectus in est"
RM573577,DHV-UWL,"dapibus augue",33750924,"velit eu est"
RM695360,FAF-VNH,"vulputate elementum",25060420,"ut erat curabitur gravida nisi"
RM829763,KDY-VUA,"sed vestibulum",49327666,"lacinia sapien quis libero nullam sit amet"
RN156082,PWO-ZVZ,duis,24503265,"accumsan odio curabitur convallis duis consequat dui nec nisi"
RN624030,QUD-UKO,semper,86694988,"integer a"
RP058686,HNP-WHE,"orci luctus",9959452,"etiam pretium iaculis justo in hac habitasse platea dictumst etiam"
RQ022282,UIE-GYZ,vel,18476681,"quam suspendisse potenti nullam porttitor lacus at turpis donec posuere"
RR270832,SKF-HYT,"nisl nunc",13891709,"commodo placerat praesent blandit nam nulla integer pede"
RR282071,UHF-ZDT,sed,18267181,"sed ante"
RS949178,TJE-TLQ,"fusce lacus",4932451,"faucibus cursus urna ut tellus nulla ut"
RT100591,FPA-HHB,"sit amet",87700844,"convallis nunc proin"
RT426307,IXE-MBI,"nibh in",85667720,"interdum eu tincidunt in leo maecenas pulvinar lobortis est phasellus"
RV499572,UCF-HZG,"justo in",66490468,"vestibulum rutrum rutrum neque aenean auctor gravida sem praesent"
RV508915,ZOQ-ZZN,libero,64731189,"posuere metus vitae ipsum"
RV609025,XCI-GVB,"non mauris",14713171,"eget nunc donec quis orci eget orci vehicula"
RW384042,JNU-PBH,"auctor gravida",48836335,"lacus morbi quis"
RW853236,CXA-ZOS,"duis mattis",88048931,"neque libero convallis eget eleifend luctus ultricies eu nibh"
RW989490,INQ-HKZ,"ut ultrices",81946020,"sapien varius ut blandit non"
RY062109,YZH-BLS,odio,60621565,"amet nunc viverra dapibus nulla suscipit ligula"
RY811812,YDY-FVM,"sit amet",84600729,"natoque penatibus et magnis dis"
RZ216100,CNK-XCX,in,16494610,"in libero ut massa volutpat convallis morbi odio odio elementum"
SA120766,QPO-XIL,"posuere metus",89619214,"placerat praesent blandit nam nulla integer pede justo"
SA554352,FHW-QQP,"sit amet",48648707,"volutpat in congue etiam justo etiam pretium iaculis justo in"
SA729899,ANX-QIA,"vel ipsum",1525469,"est donec odio"
SC713516,OTG-SCP,potenti,16309736,"ligula pellentesque ultrices phasellus id sapien"
SC738668,XEH-DFQ,et,21158378,"mus etiam vel augue vestibulum rutrum"
SD062387,AZF-RCQ,justo,15452926,"morbi vestibulum velit id pretium iaculis"
SF354606,ZUA-TLJ,ut,81675104,"vestibulum aliquet ultrices erat tortor sollicitudin mi"
SF423978,WOK-BBX,"ut at",33775542,"nisi at nibh"
SF490204,LSP-FGG,congue,68164061,"nullam molestie nibh"
SI791417,UXU-XIO,"elementum nullam",71803736,"quis justo maecenas"
SJ221827,WRX-XUK,"vitae quam",77153479,"aliquam sit amet diam in magna bibendum imperdiet nullam orci"
SJ731210,MNF-RAS,"et ultrices",69515286,"erat curabitur gravida nisi at"
SJ875277,XZG-BSA,"potenti cras",79622985,"nibh in"
SK224200,XTK-PWD,tempor,41443372,"neque sapien placerat ante nulla justo aliquam quis"
SK477841,TKS-CIA,"nulla pede",73244482,"sapien cum sociis"
SL724763,UGF-REX,"duis faucibus",7959027,"at feugiat non pretium quis lectus suspendisse"
SM001238,SFT-VZD,"orci pede",71441825,"sagittis dui vel nisl duis ac"
SN408801,AMJ-BOS,"volutpat in",83529814,"consequat metus sapien ut nunc"
SO050074,EQZ-HRI,"platea dictumst",13999271,"ornare consequat lectus in est"
SP028842,ADJ-UZN,"orci vehicula",50814704,"aliquam convallis nunc"
SP386908,NBV-VQV,metus,70709838,"quam pede lobortis ligula sit"
SP685442,MCY-WAU,"at feugiat",67479420,"ipsum primis in faucibus orci luctus et ultrices posuere"
SQ322095,LSQ-DZD,tellus,16188754,"pede venenatis non"
SR736771,GOV-SVP,phasellus,11906956,"morbi non quam nec dui luctus rutrum nulla tellus"
SR967386,USS-ULD,rhoncus,6754823,"nulla elit"
SS299556,JGW-EES,"in est",32768260,"vestibulum ac est lacinia nisi venenatis tristique fusce congue"
SS438239,TGF-JBV,ante,38821158,"maecenas tristique est et tempus semper est quam"
SS634676,NIG-RMN,odio,88620666,"enim lorem ipsum dolor"
SS658427,LJA-KEH,"etiam pretium",3900591,"diam id ornare imperdiet"
ST973338,YCM-FRQ,"eu nibh",8247170,"sapien cum sociis natoque"
ST980631,UIW-QCG,"ipsum dolor",84615506,"in imperdiet et commodo vulputate"
SU534413,FVG-NZJ,suspendisse,38619545,"convallis tortor risus dapibus augue vel accumsan tellus nisi eu"
SU975682,YOQ-EYD,"tristique fusce",14920117,"nec nisi volutpat eleifend donec ut"
SX413151,YDS-FWT,mauris,71464323,"diam in magna bibendum imperdiet nullam orci pede venenatis non"
SX516390,HVM-FLW,"molestie nibh",84180179,"interdum venenatis turpis"
SX639197,MMK-BAJ,"cras in",6317100,"sapien ut nunc vestibulum ante ipsum"
SX768422,EBK-UDU,"sed accumsan",98053476,"aliquam sit amet"
SY792609,NUT-WIP,"donec posuere",31112266,"felis eu sapien cursus vestibulum proin eu"
SY922065,KKB-WIU,"in faucibus",38369364,"vel est donec odio justo sollicitudin ut suscipit a"
SZ692668,ZBZ-KVJ,"congue eget",78559276,"fusce posuere"
SZ743454,HGU-PHP,cras,85541486,"nisi volutpat eleifend donec"
SZ854472,HOV-HVZ,"libero rutrum",37590057,"curabitur gravida nisi at nibh"
TA025668,VIE-DFB,libero,38305191,"nunc commodo"
TA043571,HAQ-WRW,mauris,31034614,"lorem integer tincidunt"
TA129552,BAG-QKZ,"pulvinar lobortis",4306090,"neque libero convallis eget"
TA362025,KEJ-UOA,curae,48378501,"vel nulla eget eros elementum pellentesque quisque porta volutpat erat"
TA861136,KHB-MEO,"justo pellentesque",17028118,"rutrum at lorem integer tincidunt ante vel ipsum praesent"
TC285760,PYB-MHG,est,91292861,"metus sapien ut nunc"
TD418704,KAX-YTV,"venenatis turpis",49580903,"aliquam erat volutpat in congue"
TD566394,THS-EPW,ut,90543912,"justo sollicitudin ut suscipit a"
TF887726,ANN-PVQ,lectus,72481260,"pede libero quis orci nullam molestie nibh"
TH187898,QXF-IIM,vestibulum,24760473,"est quam pharetra magna ac consequat metus sapien ut nunc"
TH757965,DGU-KES,"eu orci",90268457,"est lacinia nisi venenatis"
TI279288,ZFN-WUO,aliquet,29280242,"potenti in eleifend"
TJ068989,TCJ-IVB,nunc,73161029,"blandit lacinia"
TJ645239,DKT-UOV,ridiculus,46207465,"diam cras pellentesque"
TK792681,SMU-UUX,nam,55446306,"habitasse platea dictumst morbi"
TK977284,MRR-WPH,"ut at",60465634,"duis bibendum morbi non quam nec"
TM769205,BLO-QZG,"vel pede",64163301,"neque duis bibendum morbi non quam nec dui"
TM810744,OXZ-KWY,"nascetur ridiculus",66663171,"vulputate ut ultrices vel augue vestibulum ante"
TN144071,JGN-ZVP,"ultrices posuere",7110865,"dui vel sem sed sagittis nam congue risus"
TN235318,WMX-AZT,"parturient montes",32033675,"sit amet consectetuer"
TN639587,WXO-GKV,primis,59141633,"blandit lacinia erat vestibulum"
TN917549,FVC-HBP,"at ipsum",6981477,"augue vestibulum ante ipsum"
TO414936,EWX-SUJ,quisque,96868658,"velit vivamus vel nulla eget eros elementum pellentesque"
TO599323,KUW-YYK,"integer ac",27137546,"ut suscipit"
TO702141,PDA-PFP,vel,86945147,"duis bibendum morbi non quam nec dui luctus rutrum nulla"
TP180609,OWT-IPB,"quisque erat",46835136,"non quam nec"
TP833464,UCL-TKP,quis,63792204,"eget eros elementum"
TP914295,ZNQ-LXY,tincidunt,43001081,"non mauris morbi non lectus aliquam sit amet"
TQ857053,OAU-JNX,"nec sem",29499743,"lorem ipsum dolor sit amet consectetuer adipiscing elit proin interdum"
TR147828,AVW-AUN,ante,91289678,"erat tortor sollicitudin"
TR565754,DUO-RUY,dolor,7927174,"congue risus semper porta volutpat quam pede lobortis"
TS936374,PMB-XIB,"suscipit ligula",37414987,"tempus vivamus in felis eu sapien cursus"
TU006765,QKU-YNJ,"viverra pede",44642982,"elit ac nulla sed vel enim sit amet nunc"
TV715879,VIF-POC,hendrerit,45091856,"in faucibus"
TW843198,HGJ-KXI,"libero nam",92533031,"justo lacinia eget tincidunt eget tempus vel pede"
TX160354,VLK-ACG,lacus,48261226,"tellus nulla ut erat"
TX520259,OEK-VMX,eget,51538790,"accumsan odio curabitur convallis duis consequat dui"
TX762375,UXX-XUS,"praesent blandit",55300677,"vestibulum sit"
TY369059,WXY-TLM,"suscipit nulla",87770934,"non mauris morbi non lectus aliquam sit"
TY403815,KRP-XXH,platea,95697806,"posuere nonummy integer non velit donec diam neque vestibulum"
TZ851433,CJZ-NOM,"lorem vitae",99538907,"pulvinar sed nisl nunc rhoncus"
UA296404,FCF-NRH,at,7979162,"dapibus augue vel accumsan tellus nisi eu orci"
UB442037,XOJ-CJY,at,85296013,"donec ut"
UB755572,IUE-UYV,"pede posuere",89765866,"curabitur gravida nisi"
UC941194,UWZ-DSM,praesent,10599072,"duis bibendum morbi non quam nec dui"
UF024319,LGG-SXK,"sit amet",70961219,"interdum venenatis turpis enim"
UF153181,DZL-JYJ,vivamus,38766729,"quis libero nullam sit amet turpis elementum"
UG144476,MSR-WLG,"nisl aenean",66924742,"nulla mollis molestie lorem quisque ut"
UH567972,TRQ-POB,"in lacus",70837602,"quam sollicitudin vitae"
UH868844,SYC-VQE,sit,30890455,"justo morbi ut odio cras mi pede malesuada in imperdiet"
UJ652429,GAQ-IRI,"quam pharetra",34001870,"convallis duis consequat dui nec nisi volutpat eleifend donec ut"
UJ967175,CCW-JNA,vestibulum,63944909,"tristique est et"
UK282086,JTW-LQR,"pede malesuada",7283746,"augue aliquam erat volutpat in congue etiam"
UK499722,FUN-DLH,"vulputate elementum",23552345,"dapibus dolor vel est donec odio"
UL741713,PJR-NQK,"convallis morbi",45944353,"quis lectus suspendisse potenti in eleifend quam a"
UM713673,OSV-XZG,velit,97427488,"ornare consequat lectus in"
UQ354236,PIL-XZB,et,14009903,"ultrices erat tortor sollicitudin mi sit"
UQ828390,FYI-BLL,"luctus et",76265332,"nullam varius nulla facilisi cras non velit nec nisi"
US162314,AAD-WAI,"sit amet",14293052,"dictumst morbi vestibulum velit id pretium iaculis diam"
US589771,ENZ-HSO,"turpis a",48541903,"Microcephalic primordial dwarfism"
US690983,KVS-VXC,elit,16582911,"sociis natoque"
UU026423,LCE-HCA,"hac habitasse",82639019,"vivamus vestibulum sagittis sapien cum sociis"
UU065608,QPG-REM,mus,72141944,"faucibus cursus urna ut tellus nulla ut erat"
UU078474,DKM-RXS,est,57170412,"quis turpis eget elit sodales scelerisque mauris"
UV744372,NGU-BTB,"lectus in",50823954,"enim sit amet nunc viverra"
UW583633,QQB-JLY,"morbi porttitor",43405711,"cubilia curae duis faucibus accumsan odio curabitur convallis"
UX693695,RJB-HGA,"tempus semper",22617891,"vel est donec"
UX909014,OTV-KHF,"iaculis justo",96371268,"placerat praesent blandit nam nulla integer pede"
UZ363052,PDD-CGA,quam,18165379,"curae donec pharetra"
UZ669151,AXV-TOQ,ut,99659436,"augue vestibulum ante ipsum primis in faucibus"
UZ870627,JGG-ADY,"lobortis ligula",32531746,"dui maecenas tristique est et"
VA382453,RFD-VWJ,"vestibulum velit",53320020,"dictumst morbi vestibulum velit id pretium iaculis"
VB343252,SFW-FFQ,pede,59605406,"nulla sed accumsan felis ut at dolor quis odio"
VC316128,FVM-HTQ,quis,4686169,"phasellus in felis donec semper sapien a libero"
VC528357,PPY-WZJ,"non interdum",20005957,"parturient montes nascetur ridiculus mus etiam vel"
VC655297,SWG-NIN,ut,4800265,"enim leo rhoncus sed vestibulum sit amet cursus id"
VD561547,GKP-BHC,quis,19227111,"pellentesque at nulla suspendisse potenti cras in purus eu magna"
VH220009,ODV-DYQ,"maecenas ut",29767609,"volutpat erat quisque erat eros"
VI066998,VBI-ZYY,"rutrum nulla",41534086,"turpis integer aliquet massa id"
VI220005,CAE-BSL,posuere,78199727,"cubilia curae nulla dapibus dolor vel est donec odio"
VI385877,DMR-MYI,sed,68485356,"vel sem sed sagittis nam congue risus semper porta volutpat"
VI579362,FCI-YCV,elit,28723135,"nam nulla integer pede justo"
VI636203,AJB-LGA,cras,13685548,"id nulla ultrices aliquet maecenas leo odio condimentum id"
VJ845077,JLD-SFH,a,68069749,"massa donec dapibus duis at velit eu est congue"
VK121045,GKH-OFM,"odio curabitur",9370512,"ultrices aliquet maecenas leo odio condimentum"
VK596013,XWI-RSM,libero,79239722,"ipsum praesent"
VL011790,GQX-QMI,condimentum,35895286,"sed lacus morbi sem mauris laoreet ut rhoncus aliquet"
VL249191,OXX-PTF,mi,47235654,"eget semper rutrum nulla nunc purus"
VL648079,YMU-OAF,vestibulum,61616194,"vestibulum quam sapien varius ut blandit non interdum in"
VM199684,PEE-ONV,sem,14573631,"cum sociis natoque"
VM910343,DQA-XBK,ante,34855794,"non sodales sed tincidunt eu felis"
VN292806,JKX-FEH,morbi,86713799,"orci luctus et ultrices"
VN948965,TGG-FIL,rhoncus,43907886,"ridiculus mus"
VO935312,RIS-YBG,"non lectus",27215592,"a nibh in quis justo maecenas rhoncus aliquam lacus"
VQ281330,GOA-RPI,est,50392007,"condimentum neque sapien placerat"
VQ444494,CYT-ZWZ,luctus,40630857,"Severe intestinal pseudo-obstruction"
VQ858194,OJJ-PRW,purus,17676932,"tortor risus dapibus augue vel accumsan"
VR141125,UVZ-CHU,"urna pretium",58168848,"ut erat id"
VT655938,FKD-SQA,pellentesque,88114103,"consectetuer adipiscing elit proin interdum mauris"
VT779317,TMS-YVL,"nulla elit",88507060,"vestibulum rutrum rutrum neque aenean auctor gravida sem praesent id"
VU039974,ILE-ILX,"iaculis congue",62576431,"ultrices vel augue vestibulum ante ipsum primis in faucibus orci"
VV289407,OKE-OAU,"in ante",33305002,"cras pellentesque volutpat dui maecenas"
VW049960,GMS-WPE,"vulputate luctus",6033340,"nulla nisl nunc nisl duis"
VW532621,JVQ-QEA,"at velit",71723494,"lorem ipsum dolor sit amet consectetuer adipiscing elit"
VX373665,MFL-SDA,lacus,19983667,"ridiculus mus etiam vel"
VX406777,DSC-GHT,ante,53591392,"ligula suspendisse ornare consequat"
VY033814,TMZ-KHC,vel,96329431,"nec euismod"
VZ616937,ODH-LOB,aliquam,66138572,"tellus nulla ut"
VZ858724,DYW-PYL,diam,92835009,"tortor quis"
VZ893645,OJW-VLX,lacinia,77148317,"integer ac neque"
WA442311,KEQ-CBZ,"quam nec",73938637,"convallis nulla neque libero"
WA452969,RON-VCH,"rhoncus dui",58624170,"risus semper porta volutpat quam pede lobortis ligula"
WB155792,RMR-LFE,"at nulla",41553660,"posuere cubilia curae donec pharetra magna vestibulum aliquet ultrices"
WB212678,XKA-FSK,"suscipit ligula",35678616,"placerat praesent blandit nam nulla"
WB216793,ULE-IBT,"metus sapien",20287454,"pede justo lacinia eget tincidunt"
WB715846,JLW-IWD,"curabitur at",50356734,"in lectus"
WB754713,OFJ-JGL,"integer non",85939716,"est congue elementum"
WD387631,NIN-VCC,"quis justo",60802557,"vel accumsan tellus nisi eu orci mauris lacinia sapien"
WD536355,CEA-BPC,"libero rutrum",185047,"pede morbi porttitor lorem"
WD855686,BWX-TUE,vel,92100991,"ligula pellentesque ultrices phasellus id sapien in sapien iaculis congue"
WE238573,ZKJ-BXV,elit,48787136,"donec vitae nisi nam ultrices libero non"
WE649086,KJF-BAC,posuere,102545,"hac habitasse platea dictumst aliquam augue"
WF639761,PDD-LIN,dictumst,36621494,"turpis eget elit sodales scelerisque mauris sit amet eros"
WF692920,NGS-FND,ligula,23276329,"consequat morbi a ipsum integer a nibh in quis justo"
WG300548,SQO-HHH,morbi,99555790,"nibh in lectus pellentesque at nulla suspendisse potenti"
WH504867,DGV-BUK,nisl,59397981,"orci luctus et ultrices posuere cubilia curae"
WH810063,YSA-MXB,"turpis eget",63685925,"lacinia erat vestibulum sed magna at nunc commodo placerat"
WI995718,KQJ-DET,"metus sapien",5327425,"nonummy maecenas tincidunt lacus at velit vivamus vel"
WJ131446,SVN-DGI,posuere,84945362,"mauris morbi non lectus aliquam sit amet"
WJ218817,SVD-BEB,eu,73279369,"faucibus orci luctus et ultrices posuere cubilia curae mauris"
WJ843778,VHH-TQU,"orci luctus",98504209,"penatibus et"
WK336802,VBG-EDW,et,98517499,"mauris vulputate"
WL782617,ZBY-JET,"rhoncus mauris",58949669,"Chronic intestinal pseudo-obstruction"
WM847012,LEM-QTN,nunc,96161126,"nibh in quis justo maecenas rhoncus aliquam lacus morbi quis"
WN313063,NIL-YPI,"aenean lectus",27055557,"semper porta volutpat quam pede lobortis ligula sit amet eleifend"
WP047516,VRW-BEB,"adipiscing molestie",10833958,"in libero ut massa volutpat convallis morbi odio"
WP099553,FIA-TKY,"donec posuere",94397508,"id mauris vulputate elementum nullam varius"
WQ221465,DZY-WPT,habitasse,6297695,"egestas metus aenean fermentum donec ut mauris eget"
WQ896264,BNE-GHB,"nulla eget",57472504,"nibh in lectus"
WR222540,IVT-AYK,"tincidunt eu",55520518,"a nibh in quis justo"
WS452600,QEJ-LRH,"vivamus tortor",87581095,"non pretium quis lectus suspendisse"
WS510383,JVA-TDB,molestie,32853454,"magnis dis parturient"
WS917363,NXC-BLH,id,35920986,"eu sapien cursus vestibulum proin"
WS956629,RAW-WMQ,"ut suscipit",92947847,"Meier-Gorlin syndrome"
WT626902,PHC-KQL,consequat,65716179,"duis consequat dui nec nisi"
WV225783,JHJ-PYC,vestibulum,11063679,"ut blandit non interdum in ante"
WV846473,UYW-PLO,nullam,7139249,"justo sollicitudin ut suscipit a feugiat et eros vestibulum"
WW814253,SPT-SVE,nec,29032359,"malesuada in imperdiet et commodo vulputate"
WW818098,MTM-AUM,"velit nec",79157100,"nec nisi vulputate nonummy maecenas tincidunt lacus at velit"
WX286604,JIW-HKB,"massa id",48741655,"id sapien in sapien iaculis congue"
WX340621,DVS-ELG,"nunc donec",41087827,"dolor sit amet consectetuer adipiscing elit"
WY786600,UFW-GQG,"integer non",38977976,"magnis dis parturient montes nascetur ridiculus"
WY895636,XPI-GET,rutrum,59474437,"sem fusce"
WZ704192,YKV-KBU,"hendrerit at",8249102,"nulla pede ullamcorper augue a suscipit nulla elit ac nulla"
WZ897237,ZBV-BMI,vel,93345052,"est quam"
XB040054,ZRZ-INE,"vulputate nonummy",77207668,"ut erat id mauris vulputate elementum nullam"
XB836373,VEA-WNQ,et,79643571,"turpis eget elit sodales"
XC682670,RUY-TMX,primis,52580986,"velit vivamus vel nulla eget"
XD346656,OJS-MKS,morbi,92919506,"ut mauris eget massa tempor convallis nulla"
XE532827,XDB-OZX,in,93998501,"viverra eget congue eget semper rutrum nulla nunc purus phasellus"
XG097064,FVF-UEQ,phasellus,76471948,"nulla tempus vivamus in felis eu sapien cursus vestibulum"
XG105292,ESD-SNH,sed,38472030,"luctus et ultrices posuere cubilia curae mauris"
XG292614,UJL-LIT,"mauris vulputate",71100977,"orci luctus et ultrices posuere"
XG329116,FQI-VLA,ornare,52503791,"blandit non interdum in ante vestibulum ante ipsum"
XI824537,OGU-LXL,"luctus et",42716744,"aliquam convallis nunc proin at turpis a pede posuere nonummy"
XJ854596,UUY-DRL,"tincidunt in",80193863,"curabitur in libero ut massa volutpat convallis"
XK537753,GVS-MKV,"curabitur gravida",97216388,"consequat dui nec nisi volutpat eleifend donec ut dolor"
XL007827,YQS-RNK,magna,27423379,"porttitor lorem"
XM956297,GNT-XQG,"ligula vehicula",43073078,"rutrum ac lobortis vel dapibus"
XN014683,MVK-DMI,"dignissim vestibulum",70314560,"maecenas ut massa quis augue luctus tincidunt nulla"
XN905133,BTC-OES,"orci eget",24072137,"consequat ut nulla sed accumsan felis ut"
XO408094,VTO-FCZ,"nec nisi",750575,"ligula in lacus"
XO720859,DAF-DMH,"odio donec",75085748,"et ultrices posuere cubilia curae mauris viverra"
XR503681,BQV-SOL,"id luctus",66727935,"eu tincidunt in leo maecenas"
XV011685,EZP-LOU,"in quam",48763055,"duis consequat dui nec nisi volutpat eleifend"
XV396303,REW-AQH,"risus praesent",12958148,"donec pharetra magna vestibulum aliquet ultrices"
XW690531,OKB-FCP,quis,54756083,"libero non mattis pulvinar nulla pede ullamcorper"
XX967929,CLG-LVU,ultrices,56873153,"ac nibh fusce lacus purus"
YA748548,NEJ-NPU,"nulla tempus",18827223,"tortor sollicitudin mi sit amet"
YB427083,AKR-TZL,sapien,57628913,"mauris vulputate elementum nullam varius nulla facilisi cras non"
YB853734,PJX-XMH,"maecenas pulvinar",51227681,"congue etiam justo etiam pretium iaculis justo in hac habitasse"
YD814251,GBU-RGF,"auctor sed",18261609,"potenti nullam"
YD832219,QQM-QSZ,"lectus aliquam",46007535,"neque sapien placerat ante nulla"
YG392654,KKQ-RYX,consequat,86042401,"ullamcorper augue a suscipit nulla elit"
YI381598,XVW-QJX,"suscipit nulla",47510496,"nisl duis bibendum"
YL610576,GVS-OEJ,"vivamus tortor",11132682,"quam a odio in hac habitasse platea"
YM098461,KDY-IXP,"metus aenean",65034374,"libero convallis eget eleifend luctus ultricies eu nibh"
YM466039,DRC-WOW,"leo rhoncus",72488974,"est risus auctor sed tristique in tempus sit amet"
YM743078,CEI-WTG,"morbi vestibulum",79945637,"erat id mauris vulputate"
YO887430,KNI-BCK,dictumst,5582078,"sapien varius ut blandit"
YP274740,HFW-XQN,aenean,37322070,"dui luctus rutrum nulla"
YS141961,TAN-ERF,"venenatis tristique",94264880,"sit amet consectetuer adipiscing"
YU567670,VHU-WAT,vel,57670433,"lectus in est risus"
YV363358,GJQ-YCD,nisi,76999260,"neque aenean auctor gravida sem praesent id massa"
YV593764,KNS-IAN,"congue risus",39131477,"nulla dapibus dolor vel"
YV915244,ZZA-UFZ,"lacinia nisi",76652491,"nunc vestibulum ante ipsum primis in faucibus"
YX138103,DBP-ZXR,orci,73346070,"in felis eu"
YX580067,VQZ-SIU,habitasse,76763333,"nulla sed accumsan felis ut at"
YY300243,CLL-WJH,"ut rhoncus",56673021,"molestie hendrerit"
YZ643310,ZKZ-JVT,vehicula,11617753,"eleifend quam a odio in hac habitasse platea"
YZ934328,EJA-JIB,"nibh quisque",31362674,"justo lacinia eget tincidunt eget tempus vel pede morbi"
ZA605148,PVD-KRA,rhoncus,50986427,"ante ipsum primis in"
ZB726771,XOS-LDG,"suspendisse potenti",22865246,"in eleifend quam a odio in hac habitasse platea"
ZC836623,HWQ-BCC,"molestie sed",88575090,"non mauris morbi"
ZC838769,CEI-JJH,lobortis,52713206,"platea dictumst aliquam augue quam sollicitudin vitae consectetuer eget"
ZD621109,MYR-NOU,non,51352267,"ultrices vel augue vestibulum"
ZE245921,RFP-BOK,nulla,69971656,"dui vel sem sed sagittis nam congue risus semper porta"
ZE370870,QLM-FKX,lacinia,44970849,"eros vestibulum ac est lacinia nisi venenatis tristique"
ZE944033,TBS-EDO,in,10811162,"sapien a libero nam dui proin leo odio porttitor"
ZG785839,XFS-RFT,donec,18703900,"vel nisl duis ac nibh fusce lacus"
ZH555639,CJU-KTV,"lorem id",81635464,"vehicula consequat morbi a ipsum integer a nibh in quis"
ZK633004,ECD-PVX,venenatis,59993354,"vel ipsum praesent blandit lacinia"
ZM173967,BSY-NPP,"tempor convallis",14203126,"et magnis dis parturient montes nascetur ridiculus"
ZM852575,LJW-VRG,dui,68782750,"nonummy integer non velit donec diam neque"
ZN119776,DIU-MAK,"porttitor id",23681415,"magnis dis parturient montes nascetur ridiculus mus"
ZQ878181,TDK-QBX,adipiscing,84740862,"justo maecenas rhoncus aliquam lacus morbi quis"
ZQ943988,NFC-XAR,"platea dictumst",30851935,"amet sapien dignissim vestibulum vestibulum ante ipsum primis"
ZS860612,ZGH-UJX,suspendisse,78893496,"magnis dis parturient montes nascetur ridiculus mus etiam"
ZS954115,WFP-CKX,sit,49727752,"felis eu sapien cursus"
ZT650570,RTS-YGC,in,18184119,"nulla suscipit ligula in lacus curabitur"
ZT687102,HTX-KCA,commodo,53301004,"vestibulum ac est lacinia nisi venenatis"
ZT812422,AON-BYU,"pellentesque eget",32709242,"hendrerit at"
ZT909200,SNO-DMT,interdum,90455328,"ultrices libero non mattis pulvinar nulla pede ullamcorper augue a"
ZW013405,WPQ-XHB,imperdiet,65600315,"vel lectus in quam fringilla rhoncus mauris"
ZW193532,NDF-UBT,"a suscipit",89976998,"molestie sed justo"
ZW319094,YWT-BBC,"vel accumsan",37069261,"eros viverra eget congue eget semper rutrum nulla nunc purus"
ZW360770,CIO-UFW,"egestas metus",32227099,"viverra dapibus nulla suscipit ligula in lacus curabitur"
ZZ020976,BXJ-BQB,"quam sapien",49900648,"ligula pellentesque ultrices phasellus id sapien in sapien"
ZZ735504,VTY-NKI,suscipit,9157286,"vel augue vestibulum ante ipsum primis"
